text,aspects,polarities
Ontbijtbuffet was tip top in orde.,FOOD,positive
Niet goedkoop!,RESTAURANT,negative
Maar eens in het kasteelrestaurant aangekomen werd het een feest.,RESTAURANT,positive
"Vooreerst de bediening, uitzonderlijk vriendelijk attent niet geforceerd maar echt.",SERVICE,positive
"Zelden meegemaakt, tussen het personeel was er een heerlijk plagende chemie.",SERVICE,positive
Goedkoop is het niet maar wel uitzonderlijk lekker.,FOOD,positive
"Als je geen steak liefhebber bent is er een visalternatief, eend en lam aan aanvaardbare prijzen.",FOOD,positive
De wijnkaart is een goede selectie van lekkere kwaliteitsvolle wijnen.,DRINKS,positive
Het was lang geleden dat we zo lekker geëten hebben.,FOOD,positive
Op de grens tussen Nederland en België hebben we uitzonderlijk lekker geëten in een sfeervolle omgeving met een livebandje die de juiste toon vond en ons een heerlijke namiddag hebben bezorgd.,FOOD,positive
Het is een fantastische gelegenheid.,RESTAURANT,positive
Op het landgoed Altembrouck werkt men met verse eerlijke producten.,FOOD,positive
Er is geen menukaart.,FOOD,negative
Nadeel is dat er geen menukaart is zelfs geen dagelijkse.,FOOD,negative
Het personeel is zeer vriendelijk en correct zonder stijf te zijn.,SERVICE,positive
"Verder is, en zeer flexibel 3 pers wilde graag (met bijbetaling) gaan voor het voorgerecht van het paasmenu.",SERVICE,positive
Voor rest niets als lof.,RESTAURANT,positive
Zo heerlijk fantasievol opgedient eten in een fijne ambiance.,FOOD,positive
Zo heerlijk fantasievol opgedient eten in een fijne ambiance.,AMBIENCE,positive
Ik kan dit alleen maar aanraden.,RESTAURANT,positive
"Spijtig, zo een zaak, prachtig gelegen, goede keuken, maar de vriendelijkheid van de ober is een echte schande en onproffesioneel,",SERVICE,positive
"Spijtig, zo een zaak, prachtig gelegen, goede keuken, maar de vriendelijkheid van de ober is een echte schande en onproffesioneel,",FOOD,negative
De ober was juist ontslagen dacht ik.,SERVICE,negative
Blijkbaar werkt hij er nog.sympathieker is hij er zeker niet op geworden.,SERVICE,negative
Het eten veel ook niet echt mee of speelde de bediening hier bij een rol.,SERVICE,negative
Zo lang die ober daar blijft werken mij niet meer gezien.,SERVICE,negative
Wat een vreselijke ervaring.,RESTAURANT,negative
De ober was ronduit onbeleefd en deed er alles aan om ons duidelijk te maken dat hij geen zin had om ons te bedienen.,SERVICE,negative
"Toen we zegden: ja, als het te moeilijk is om ons te bedienen, we konden onze zin niet afmaken maar werden toegeschreeuwd door de oor de ober die zich dan omdraaide en weg ging.",SERVICE,negative
"Als deze zaak het hoofd niet boven water kan houden, ligt het niet aan de crisis!",RESTAURANT,negative
"Eigenaar, leer uw personeel manieren.",SERVICE,negative
Kort gezegd: je zal nooit teleurgesteld zijn maar je zal eveneens nooit in de 'wolken' zijn.,RESTAURANT,neutral
"De gastvrouw kreeg van ons de vrije keuze aan tapagerechtjes, zij leverde snel aan en alhoewel alles lekker was en van goede kwaliteit, miste ik verfijning.",SERVICE,neutral
"Wij vertelden bij het begin te houden van de combinatie tapa en vis en hier werd helemaal niet op ingegaan: iberico, chorizo, manchego, Russiisch ei, champignons, tomaatjes...., gehaktballetjes in tomatensaus, allemaal lekker, echter niet authentiek...",FOOD,neutral
"De wijn was lekker, duurste fles nog aan modeste prijs van 30 eur.....",DRINKS,positive
Bediening vriendelijk maar gehaast....,SERVICE,neutral
Zuiderse sfeer...,AMBIENCE,neutral
Gezellig en lekker.,FOOD,positive
Geweldig concept voor een geweldige avond in Spaanse decor!!,RESTAURANT,positive
Komen zeker terug,RESTAURANT,positive
Prachtige wijnen en heel gezellig ambiente.,DRINKS,positive
Authentieke recepten (als spanje kenners kunnen we dat bevestigen) en alles huisgemaakt (dat proef je!).,FOOD,neutral
Een aanrader voor een avond uit!,RESTAURANT,positive
"Leuk concept, zeer lekkere wijnen en tapas, deze wisselen regelmatig soms zeer goed andere gewoon goed.",DRINKS,positive
"Leuk concept, zeer lekkere wijnen en tapas, deze wisselen regelmatig soms zeer goed andere gewoon goed.",FOOD,positive
"komen steeds terug om een gezellige avond door te brengen met hapje en drankje, de bediening zou soms sneller kunnen, maar bekijk dit als een leuke en ontspannen middag of avond zonder stress",SERVICE,positive
"Hoewel eerder gericht op een modaal publiek dat graag een biefstuk eet, presenteert dit restaurant met de regelmaat van de klok smaakparadijzen van schotels voor gastronomen.",FOOD,positive
Gewoonweg het beste restaurant in de buurt!,RESTAURANT,positive
Passie voor eten en bijpassende drank in een gezellig kader.,FOOD,positive
"De menukaart is veel te beperkt, suggesties zijn verdwenen, net als de creativiteit op het bord.",FOOD,negative
Amuses die vroeger een leuke entree waren zijn nu beperkt tot een pompoensoepje.,FOOD,negative
"Maar zelfs met deze beperkte kaart (4 hoofdgerechten, 4 voorgerechten en 2 desserts) waren er toch 2 gerechten niet beschikbaar!",FOOD,negative
Zelfs werd dit bij het hoofdgerecht pas gemeld op het moment dat het moest geserveerd worden!,SERVICE,negative
"Neen, dit zijn 3 stappen achteruit tegenover vroegere bezoeken.",RESTAURANT,negative
Zeer jammer.,RESTAURANT,negative
Positief blijft wel dat de kwaliteit van de producten ok is en de ruime keuze uit de Zuid-Afrikaanse wijnen.,DRINKS,neutral
Positief blijft wel dat de kwaliteit van de producten ok is en de ruime keuze uit de Zuid-Afrikaanse wijnen.,FOOD,positive
Zeer vriendelijke en vlotte bediening.,SERVICE,positive
"Lekker broodje met vol-au-vent Aan 8,5€!",FOOD,positive
Bediening was niet vriendelijk.,SERVICE,negative
Sfeer was ok maar niet zo aangenaam,AMBIENCE,negative
"The Village, een echte aanrader!",RESTAURANT,positive
"Gezellige sfeer, vriendelijke bediening en het eten is TOP!",SERVICE,positive
"Gezellige sfeer, vriendelijke bediening en het eten is TOP!",AMBIENCE,positive
Keep up the good work!,RESTAURANT,positive
"Maar moet eerlijk zeggen, het was en blijft hier top om te eten.",RESTAURANT,positive
"Mooie aankleding van de zaak, super vriendelijke bediening en voor ieder wat wils op de kaart.",SERVICE,positive
"Mooie aankleding van de zaak, super vriendelijke bediening en voor ieder wat wils op de kaart.",FOOD,positive
"Wat ik zelf leuk vind om te doen hier is de Tapas schotel, maar ook hun village gras met bijhorende saus, hun mosselen en de legendarische Pelt stoofvlees is super lekker.",FOOD,positive
We wilden met vier personen reserveren voor een hapje te eten bij voorheen de zuiderparel (telefoon deed het meerdere malen niet)!!!!,SERVICE,negative
En ja er was zeker plaats (3 uur met vier personen in de zaak gezeten) we werden wel zeer goed ontvangen de garcon van dienst was dan ook het enige aansprakelijke in de zaak!,SERVICE,positive
De zaak is mooi maar koel omdat er geen volk te vertoeven was: het eten gewoon SCHANDALIG!!!!,FOOD,neutral
De huisbereide garnaal kroketten kwamen van de makro!!!!,FOOD,negative
Stond een vrouwelijk personeelslid gewoon te roken in de zaak dit is allemaal jammer en voor ons Wker niet voor herhaling vatbaar.,SERVICE,negative
Daarom kleine kaart met enkel super verse bordjes.,FOOD,positive
De wijnkeuze is fantastisch en prijs kwaliteit is zeer correct.,DRINKS,positive
"Leuke sfeer, gemoedelijke ontvangst, de beste steak tartare die we ooit hebben gegeten (de gebakken moet je ook zeker eens proberen!), wijn aangepast aan je eigen smaak,...",FOOD,positive
Kortom een absolute AANRADER!!,RESTAURANT,positive
Geweldig restaurant buiten het echte centrum van Antwerpen.,RESTAURANT,positive
"Sublieme, ongedwongen sfeer, weinig couverts (reserveren is noodzakelijk) en een fantastische bediening.",SERVICE,neutral
Het eten is top (die steak tartaar!) en het is heerlijk om je te laten verrassen door hun wijnkeuze.,DRINKS,positive
Het eten is top (die steak tartaar!) en het is heerlijk om je te laten verrassen door hun wijnkeuze.,FOOD,positive
Een absolute aanrader!,RESTAURANT,positive
Lauwe koffie is gewoon niet accepteerbaar.,DRINKS,negative
Geeft ook geen goede indruk dat je toog vol afwas staat van de afgelopen uren terwijl er ca 8 mensen in de zaak aanwezig zijn.,SERVICE,negative
Mij zien ze hier niet meer.,RESTAURANT,negative
Portie taart was voldoende groot en daar viel op zich weinig op aan te merken.,FOOD,neutral
"Enig adresje waar je lekkere pastrami kan eten, wordt geserveerd met een speciaal sausje en op dikke sneden brood.",FOOD,neutral
Ook de koffie is er lekker en er heerst een gezellige sfeer.,AMBIENCE,positive
Leuk om te lunchen.,RESTAURANT,positive
De kwaliteit van het eten was heerlijk en net als de sfeer alsof je bij vrienden thuis o bezoek was.,AMBIENCE,positive
De bediening was vriendelijk en correct.,SERVICE,positive
De keuken van à L'infintise is een unieke ervaring in geheel Antwerpen.,FOOD,positive
Marc is een kunstenaar die weet om te gaan met de smaken en uiterlijk van lekker eten.,FOOD,positive
"Het eten is fantastisch, zeer creatief, lekker, ik heb er geen woorden voor.",FOOD,positive
Vriendelijke service.,SERVICE,positive
Ik kom hier graag terug.,RESTAURANT,positive
De ontvangst was zéér vriendelijk en hartelijk.,SERVICE,positive
"Het voorgerecht was héél lekker, de hoofdschotel ook.",FOOD,positive
Verschillende superlekkere gerechtjes met rijst apart.,FOOD,positive
Heel veel groenten.,FOOD,positive
Zeker voldoende voor 2 pers. enig minmuntje: wat weinig kip en scampi's.,FOOD,positive
Het nagerechtje was wat taai en geen verse chocoladesaus.,FOOD,negative
Bediening SUPER vriendelijk.,SERVICE,positive
Het is een klein leuk restaurantje en ze serveren prima sushi maar daar is het ook mee gezegd.,FOOD,positive
Je krijgt 2 uur de tijd om je 5 rondes te bestellen maar binnen die 2 uur haal je maar net 3 rondes omdat het zo verschrikkelijk lang duurt.,SERVICE,negative
Circa 30 minuten vanaf bestelling.,SERVICE,negative
De dame was wel vriendelijk en we mochten zelfs tijdens de drukte van tafel wisselen.,SERVICE,positive
Maar als het wat drukker wordt hebben de mensen in zowel de keuken als de bediening handen te kort.,SERVICE,negative
Wel proberen de mensen jou met de glimlach te helpen waar ze kunnen.,SERVICE,positive
Het eten is echt lekker.,FOOD,positive
"Zoveel verschillende keuze, en de smaken zitten goed.",FOOD,positive
"Het concept op zich lijkt misschien eerst een beetje vreemd, en velen denken dat ze niet genoeg zullen hebben.",RESTAURANT,negative
"Eten is perfect, we zijn er dol op en hebben ervan genoten en we komen ooit nog terug zonder twijfel!",RESTAURANT,positive
"We mochten zoooveel eten, perfect!!!!",FOOD,positive
Shusi's zijn goed al moet men zelf kunnen beslissen of er wasabi en/of peper op zit.,FOOD,neutral
Warme gerechten komen uit magnetron vooral de spiezen en spareribs waren onsmakelijk.,FOOD,negative
"Geen menukaart, maar gewoon kiezen tussen de lekkernijen in de koeltoog, ik nam een tortellini met pancetta aangeprezen door de uitbater, superlekker!",FOOD,positive
Dit in combinatie met fijne muziek op de achtergrond en een heerlijk glas wit voor voor een zeer correcte prijs.,DRINKS,positive
Zeker te proberen!,RESTAURANT,positive
Leuk adres voor n lunch maar ook voor iets lekkers te halen om thuis te eten of n lekker glas wijn te drinken met n assortimentje kaas erbij!,DRINKS,positive
Daarom zin de prijzen ook zeer democratisch!,RESTAURANT,positive
"Probeer ook eens een van de zalige taarten of quiches, ze zijn om de vingers bij af te likken!",FOOD,positive
"Kortom, een absolute aanrader!",RESTAURANT,positive
De mooie locatie (Sint Jorispoort) trok ons naar het terrasje.,LOCATION,positive
Maar de bediening sloeg hier alles.,SERVICE,negative
"Het leek alsof we de kok stoorden, hoewel er naast ons niemand was.",SERVICE,negative
Hij moest ons dan ook duidelijk maken dat een bepaald gerecht niet te verkrijgen was omdat hij bezig was.,SERVICE,negative
Het enige waarvan we de prijs niet hadden gevraagd (5 euro voor een glas wijn konden we nog aanvaarden) was een stukje focaccia van 5x5 cm oftwel 3 happen.,DRINKS,negative
Het enige waarvan we de prijs niet hadden gevraagd (5 euro voor een glas wijn konden we nog aanvaarden) was een stukje focaccia van 5x5 cm oftwel 3 happen.,FOOD,neutral
"Wat de smaak betreft, waarmee zo gedweept wordt, was m'n soep even flauw als in de doorsnee brasseriekeuken.",FOOD,negative
"De focaccia was lekker, maar dat mag wel voor een fortuin.",FOOD,positive
"Bon, benieuwd hoe lang deze omhooggevallen zaak stand houdt...",RESTAURANT,negative
De winkel met open keuken is mooi ingericht en de uitbater is zeer vriendelijk en behulpzaam bij het kiezen van de maaltijd.,SERVICE,positive
"Elke dag zijn er dagvers bereide soepen, lichte maaltijd-gerechten, quiches en er is ook een ruim aanbod van kazen.",FOOD,positive
"De soep was echt super en de kazen, die de uitbater geselecteerd had, was ook zeker in orde.",FOOD,positive
"Goe gegeten, goe gedronken, goeie service, eerlijke keuken, toffen baas--->leve de Steve!!",SERVICE,positive
"Goe gegeten, goe gedronken, goeie service, eerlijke keuken, toffen baas--->leve de Steve!!",FOOD,positive
Leuk restaurantje.,RESTAURANT,positive
"Het personeel casual qua stijl, en vriendelijk.",SERVICE,positive
Soms duurt het even voordat je de aandacht hebt als je iets bij wilt bestellen.,SERVICE,negative
Het eten was echter prima.,FOOD,positive
Lekkere kaaskroketjes vooraf gehad.,FOOD,positive
We worden vriendelijk en met die typische Oosterse beleefdheid ontvangen door Sombat.,SERVICE,positive
Het heeft meer de sfeer van een woonkamer dan van een formeel restaurant.,AMBIENCE,positive
"Het geheel biedt een hoog huiskamer gevoel, het is gezellig zitten hier.",AMBIENCE,positive
De 2 hapjes vooraf zijn fris en erg lekker van smaak.,FOOD,positive
"Dit is een vrij pittig soepje, aanvaardbaar gekruid en subtiel qua smaak.",FOOD,positive
"De hoeveelheid eten is te ruim bemeten, en met verkwisting van voedsel heb ik altijd een probleem.",FOOD,negative
Ook de harmonie qua structuur en smaakexpressie tussen de (té) talrijke ingrediënten gaat volledig de mist in.,FOOD,negative
Afsluiten doen we met een ijs compositie die erg lekker is.,FOOD,positive
"De dienstverlening is voorkomend en beleefd, zij het aan de timide kant.",SERVICE,neutral
De gebruikte ingrediënten zijn vers en op zich allemaal smaakvol bereid.,FOOD,positive
Maar de harmonie klopt niet altijd en de porties zijn te ruim bemeten.,FOOD,negative
"Al bij al de betere Thaise keuken, maar het is net geen verfijnde gastronomie.",FOOD,positive
"Gastvrijheid top, omgeving binnen en buiten om helemaal tot rust te komen en het eten om bij weg te dromen.",AMBIENCE,positive
Onze ontdekking van het jaar.,RESTAURANT,positive
Voldaan in alle opzichten,RESTAURANT,positive
"Het restaurant is stijlvol en gezellig ingericht, alsook de tuin waar we het aperitief hebben genuttigd.",AMBIENCE,positive
"Het eten (4 gangen menu voor 50€) was heel lekker en niet al te ""spicy"".",FOOD,positive
De gastheer en zijn personeel waren zeer voorkomend en vriendelijk.,SERVICE,positive
We hebben genoten van een excellente lunch met een super lekker dessert.,FOOD,positive
De aangepaste wijnen waren lekker.,DRINKS,positive
De bediening was correct en zeer vriendelijk en wij hadden het geluk om in de binnentuin te kunnen lunchen.,SERVICE,positive
De amuses en ook de gerechten hadden een verfijnde smaak.,FOOD,positive
De porties waren wel niet erg groot.,FOOD,negative
Maar als ik het Irish beef kreeg voorgeschoteld waren mijn 4 stukjes (7x 2 cm) vol met pezen waar men zelf met een mes niet kon doorsnijden.,FOOD,negative
En enkele minuten later kwam de chef met 4 treffelijke stukjes vlees.,SERVICE,neutral
En enkele minuten later kwam de chef met 4 treffelijke stukjes vlees.,FOOD,positive
Het kon niet dat hij dat niet gezien had met het dresseren op het bord.,SERVICE,negative
Ook het dessert was voortreffelijk van smaakcombinatie.,FOOD,positive
Wederom een aangename ervaring.,RESTAURANT,positive
"Meesterwerkjes van smaak, samenstelling, combinaties worden op je bord getoverd.",FOOD,positive
Fijnproevers en genieters vinden dit vast top!,RESTAURANT,positive
Wijnen van uitstekende kwaliteit maken je menu af.,DRINKS,positive
Maar het Indische eten is heel lekker en de bediening ongelooflijk vriendelijk.,SERVICE,positive
Maar het Indische eten is heel lekker en de bediening ongelooflijk vriendelijk.,FOOD,positive
Communicatie met de klant is belangrijk en jouw tevredenheid is echt hun bezorgdheid.,SERVICE,positive
Daarom toch altijd weer graag...,RESTAURANT,positive
"Goei mosselen, goei service, da's echte Hasseltse gastvrijheid!",FOOD,positive
Ook een geweldige sfeer muziek!,AMBIENCE,positive
Lekkere broodjes en pasta's.,FOOD,positive
Prijs kwaliteit heel goed!,RESTAURANT,positive
Ook de menu is goed en goedkoop.,FOOD,positive
Hou er wel rekening mee dat het er rond middaguur heel druk is.,RESTAURANT,neutral
De pannenkoeken zijn zeker aan te raden!,FOOD,positive
Het is hier wel vaak erg druk.,RESTAURANT,neutral
"Supervriendelijke bediening de lekkere pannenkoeken en gerechten zijn echt goed, en zeker niet duur.",FOOD,positive
Telkens als we in hasselt zijn komen we zeker terug!!,RESTAURANT,positive
Nergens in Hasselt zijn de pannekoeken zo lekker als hier!!!!,FOOD,positive
Snelle bediening en vriendelijke personeel moet ook gemeld worden!!,SERVICE,positive
Alleen blije gezichten bij 6 zinnen: -alles uitermate lekker -geen moeite te veel - n op het einde nog een redelijke rekening toe,FOOD,positive
Het nagerecht was dame blanche zeer goed mmm,FOOD,positive
Super goed restaurant.,RESTAURANT,positive
"Heerlijke gerechten, zeer goede wijnen.",DRINKS,positive
"Heerlijke gerechten, zeer goede wijnen.",FOOD,positive
Zeer goede ligging vlak bij het centrum van de stad.,LOCATION,positive
Super goede ontvangst en bediening.,SERVICE,positive
Beste restaurant in de stad en ver daarbuiten,RESTAURANT,positive
"Vlotte bediening, lekkere fondue (kaasfondue is lekker licht!) en zeker a volonté.",FOOD,positive
Aanrader voor een gezellig en lekker avondje.,RESTAURANT,positive
"Zwitsers eethuisje waar je lekkere fondue, kaasfondue of raclette kan eten!",FOOD,positive
"De sfeer is top, de bediening vriendelijk en de omgeving gezellig!",SERVICE,positive
De bediening was goed en het interieur is in orde.,SERVICE,neutral
Het eten was te duur.,FOOD,negative
Weinig eten in vergelijking met wat je betaalt.,FOOD,negative
De frietjes kwamen uit de diepvries en hadden weinig smaak.,FOOD,negative
De vissaus was flets en zoutig.,FOOD,negative
"23,90 euro vind ik persoonlijk veel geld voor 4 kleine tongrolletjes, zoute saus en puree.",FOOD,negative
"22,80 euro voor een visbrochette met 2 droge brokjes kabeljauw en 2 droge brokjes zalm vind ik ook nogal duur en eenvoudig.",FOOD,negative
Het kan beter.,RESTAURANT,negative
"Bij onze aankomst werden wij door de eigenaar, tot onze verbazing, op een ongelofelijke verbale manier aangepakt.",SERVICE,negative
Dan heeft hij ons nogmaals buitensporig en onbeleefd aangesproken zodat wij zelfs het menu niet hebben doorgenomen.,SERVICE,negative
Wij hebben het restaurant onmiddellijk verlaten om er nooit meer terug te komen.,RESTAURANT,negative
Net terug van een totaal mislukt etentje in dit restaurant.,RESTAURANT,negative
"Groep van 8+4 kinderen binnen om 12u30 en hoofdgerecht, na simpele/lekkere garnaalkroket, om 14u45 ontvangen (alle kleinere tafels voor genomen incl. collega reca uitbaters uit Aalst die absolute prioriteit kregen).",FOOD,neutral
Slechte kwaliteit vlees (geprikte pseudo filetpur =>...,FOOD,negative
Hier denkt de kelner dat hij god de vader is.,SERVICE,negative
"De setting ziet er leuk uit, informeel met de houten tafels en stoelen, de (voor dit restaurant zeer uitgebreide) menukaart op een krijtbord geschreven en de vele (lege) wijnflessen die uitgestald staan.",FOOD,positive
"Waar men in de regel een ginmenu krijgt of toch op zijn minst een mondelinge opsomming van wat beschikbaar is kreeg in van de bediening de keuze tussen ""kruidig"" of ""niet kruidig"".",SERVICE,negative
"Nu goed, niet iedereen heeft de taalvaardigheid om een destillaat in uitgebreide termen te omschrijven, dus kreeg ik uiteindelijk iets wat ik ""bijna zelf"" had gekozen uit het handvol (idd, niet meer) beschikbare gins in de gekozen categorie.",SERVICE,negative
"De apero was goed bereid, ook op die van mijn echtgenote was niets aan te merken.",FOOD,positive
"Een amuse was mss niet slecht geweest (als toevoeging aan de 5 flinters rauwe ham), maar soit.",FOOD,negative
"Dus, waarschijnlijk een OK restaurant als je er niet met kinderen heengaat, en je het niet erg vindt dat de bediening zich nogal verwaand gedraagt.",SERVICE,neutral
"Wel prijzig, wat de totale waarde nog meer naar beneden haalt.",RESTAURANT,negative
"Garcon arrogant en degoutant, kan geen kritiek verdragen, en een baas (kok) die niet beweegt als er iets fout loopt.",SERVICE,negative
Gamba's waren ok maar frieten waren niet te vreten (dik slap en in ou frutuurvet gebakken!!!),FOOD,negative
"Garcon, volg een cursus elementaire beleefdheid en klantvriendelijkheid ipv arrogantie en onbeleefdheid, maar dit zal door gebrek aan opvoeding zijn!",SERVICE,negative
Voor ons nooit meer naar dit omgebouwd café tot zogezegd (veel te duur) restaurant.,RESTAURANT,negative
Ben hier al een paar keer gaan eten en telkens zelfde indruk: eten is wel goed maar zijn prijs niet waard.,FOOD,negative
Qua wijn hebben ze enkel de duurdere flessen.,DRINKS,negative
"Het eten is lekker, smaakvol en vers.",FOOD,positive
Hun brood is heerlijk en geserveerd als bij gerecht met boter.,FOOD,positive
"De dagsoep, vegetarisch, is warm, en gemaakt van seizoen groenten.",FOOD,positive
"Hun spaghetti bolo was correct, goed gekruid en met kaas geserveerd.",FOOD,positive
"Bediening is een beetje traag, maar vriendelijk.",SERVICE,neutral
Je kunt wel zeven of acht verschillende soorten taart kiezen bij je koffie.,FOOD,positive
De chocoladetaart was alvast heel lekker.,FOOD,positive
Mooie all-in-menu's met ruime keuze en bovendien: à volonté.,FOOD,positive
Verse vis en vlees.,FOOD,positive
Keurige huiswijn.,DRINKS,positive
Erg vriendelijke bediening.,SERVICE,positive
Om nog terug te keren!,RESTAURANT,positive
Veel te duur voor wat het waard is.,RESTAURANT,negative
"Per toeval daar beland, mooi interieur, geen lange wachttijd ondanks drukke bezetting, net servies en glazen, voortreffelijke schotels, betaalbaar.",SERVICE,positive
"Per toeval daar beland, mooi interieur, geen lange wachttijd ondanks drukke bezetting, net servies en glazen, voortreffelijke schotels, betaalbaar.",FOOD,positive
"Komen zeker terug, houden zo!",RESTAURANT,positive
Een meerwaarde voor Gent!,RESTAURANT,positive
"Ribbetjes excellent gekruid, hartige sausjes.",FOOD,positive
"Een suggestie: serveer ook brood aub (dus niet enkel frites of patat, wat uiteraard ook lekker is)",FOOD,neutral
"Niemand van het personeel die de moeite doet om ons naar een tafel te begeleiden, wegens te druk personeelsgesprek!",SERVICE,negative
We kiezen zelf een plaatsje en na 5 min. komt de ober ons vriendelijk vertellen dat de keuken al gesloten is.,SERVICE,neutral
We hebben echt super lekker gegeten!,FOOD,positive
Hier hebben we geen spijt van gehad.,RESTAURANT,positive
"Hierop hebben we niet te lang moeten wachten, vlotte bediening.",SERVICE,positive
"De ribbetjes à volonté waren super lekker, krokant en niet aangebrand.",FOOD,positive
Wij gaan zeker en vast terug,RESTAURANT,positive
De service is er vlot en goed en de ribbetjes zijn er heel lekker en niet zo vet als in eerder vermelde zaak.,SERVICE,positive
De service is er vlot en goed en de ribbetjes zijn er heel lekker en niet zo vet als in eerder vermelde zaak.,FOOD,positive
"M.i. een aanrader, toch voor de chateaubriand bouquetière: meestal heerlijk vlees en overdaad inzake hoeveelheid, de groenten zwemmen in de boter maar smelten in je mond.",FOOD,positive
Wij blijven er regelmatig met plezier teruggaan.,RESTAURANT,positive
We waren hier reeds verscheidene malen geweest en wisten dat de kwaliteit van de steaks top is.,FOOD,positive
"Bij de reservatie hadden we gevraagd om in de veranda te kunnen zitten, dit was echter niet genoteerd.",SERVICE,negative
"Al heel vlug kregen we een hapje (plakje ""Gentse Kop"") en werd onze bestelling opgenomen door een vriendelijke dame.",SERVICE,positive
Niet veel later werd ook ons voorgerechtje geserveerd.,SERVICE,positive
"De tafel werd afgeruimd en het wachten op ons hoofdgerecht (filet puur: de ene bleu gebakken, de andere saignant) kon beginnen.",SERVICE,negative
Ik vond dat we nog redelijk geduldig waren want pas na 1u30 wachten vroegen we of ons eten nog dezelfde avond zouden krijgen.,SERVICE,negative
"Als antwoord kregen we: ""als ik eerlijk mag zijn, ik weet het echt niet"".",SERVICE,negative
Toen we uiteindelijk om 21u45 (na 2u15 wachten) onze steak kregen was de steak (die bleu gebakken moest zijn) eigenlijk koud.,FOOD,negative
Onze vriendelijke dame heeft echter onmiddellijk ingegrepen en de steak terug meegenomen naar de keuken waarna hij perfect gebakken en warm werd geserveerd.,SERVICE,positive
Onze vriendelijke dame heeft echter onmiddellijk ingegrepen en de steak terug meegenomen naar de keuken waarna hij perfect gebakken en warm werd geserveerd.,FOOD,positive
We hadden de chef reeds de hele avond klanten zien verwelkomen en praatjes zien slaan dus wilden we eigenlijk wel eens weten wat er aan de hand was (lange wachttijden).,SERVICE,negative
Ze heeft ons gezegd dat ze het hem gevraagd had maar blijkbaar heeft hij zich niet de moeite getroost om tot bij ons te komen en enige uitleg te verschaffen.,SERVICE,negative
Blijkbaar moet je op zijn minst BV zijn om met de chef te kunnen praten.,SERVICE,negative
"Conclusie: kwaliteit was top maar zaakvoerder verlaagt zich niet om met gewone klanten te praten, hij laat liever de problemen oplossen door zijn personeel in plaats van zelf orde op zaken te stellen.",SERVICE,negative
Zeker de kreeft met de zes verschillende sausjes eens bestellen!,FOOD,positive
De meest uitgelezen zondagsbrunch die ik al heb ervaren.,FOOD,positive
"Het personeel is jong, spontaan, vriendelijk, en tegelijk voornaam.",SERVICE,positive
Absoluut een aanrader!,RESTAURANT,positive
Het minder goede hoteleten als brunch,FOOD,negative
Mijn echtgenote was er heel de namiddag slecht van en zelf ook wee gevoel in de maag,FOOD,negative
35 euro per persoon voor minderwaardig eten -beperkte keuze als brunch,FOOD,negative
Enig pluspunt: vriendelljke bediening,SERVICE,positive
"Er is een ruime keuze aan pizza's, zowel vegetarisch, vlees als vis.",FOOD,positive
"Probeer de pizza 'whisky', een aanrader!",FOOD,positive
"Gezellig restaurant, plaatsen op kleine 3 verdiepingen met voldoende plaats.",AMBIENCE,positive
"Snelle bediening, lekkere pizza's normale prijzen.",FOOD,positive
"Opmerkelijk is het aantal soorten pizza's, nooit elders gezien",FOOD,positive
"De enige zaak in Leuven met écht echt, met versgemaakte sorbets waarin ook effectief fruit inzit (en geen smaakstoffen+suiker), enorm grote bollen en supervriendelijke enthousiaste bediening!",FOOD,positive
Overheerlijk ijs in centrum Leuven.,FOOD,positive
ladeuzeplein biedt je mooie zitbanken waar je van dit heerlijk ijs kunt genieten.,FOOD,positive
de bolletjes ijs worden gul uitgedeeld!,FOOD,positive
De porties zijn voor een brasserie vrij klein.,FOOD,negative
"Het is lekker, maar er is bijvoorbeeld amper brood bij een omelet met spek.",FOOD,negative
2 Kleine afgebakken broodjes en een mini omeletje zijn eigenlijk een teleurstelling.,FOOD,negative
De gerechten waren wel lekker.,FOOD,positive
"Aangezien het een leffe cafe is verwachtte ik een uitgebreid assortiment aan bieren, maar dit was niet het geval.",DRINKS,negative
Het eten was niet lekker en de bediening was niet erg vriendelijk.,SERVICE,negative
Het eten was niet lekker en de bediening was niet erg vriendelijk.,FOOD,negative
De keuken is eerder Belgisch-Frans (allerlei steakbereidingen) maar wel met uitstekende ingrediënten (super mals vlees).,FOOD,positive
De bediening is zeer vriendelijk en snel.,SERVICE,positive
"Vooral het gegrilde vlees (cote à l'os, chateaubriand,...) draagt onze voorkeur weg.",FOOD,neutral
"De gerechten zijn ook vrij klassiek, maar lekker.",FOOD,negative
Het restaurant is klassiek ingericht en dat straalt een charme uit.,AMBIENCE,positive
"Wij hebben genoten van de maandsuggestie ""filet pure met asperges""; klassiek bereid met respect voor de groente.",FOOD,neutral
Bovendien weten wij de attente service van het zaalpersoneel bijzonder te waarderen.,SERVICE,positive
Een adresje in Leuven waar we blindelings opnieuw naar toe gaan.,RESTAURANT,positive
"Mijn favoriet is de Emanuelle met bananen, banenenlikeur en warme chocoladesaus.",FOOD,positive
"Ook de Na-aper met vanille, chocomousse, banaan en advokaat is zeer lekker.",FOOD,positive
De bediening is vlot en vriendelijk en er heerst vaak een gezellige drukte.,SERVICE,positive
Prijzen zijn goed.,RESTAURANT,positive
"De prijzen zijn echt heel hoog, voor 4 dunne sneetjes verbrand stokbrood met knoflook betaal je €5,50, en tot onze grote teleurstelling kwam de pizza à +/- €13,50 uit de diepvries!",FOOD,negative
"Ook de bediening laat te wensen over, er kan geen glimlachje vanaf.",SERVICE,negative
Geef je geld ergens anders uit!,RESTAURANT,negative
"LET OP: Als de ober je vraagt of je stokbrood met kruidenboter wilt hebben, dit kost €5,5- euro voor een bordje met 3 zielige stukjes stokbrood per persoon dus niet eens een mandje voor meer personen!",FOOD,negative
"De friet die je apart moet bestellen kosten €,- voor een hele kleine portie en het sausje van €3,- is veel te waterig.",FOOD,negative
"Drankjes zijn abnormaal duur, €6,- voor een cola en €9,50 voor een Belgisch biertje!",DRINKS,negative
En dan durven ze als je nog even aan het natafelen bent ook nog te vragen om je tafel af te staan omdat er een groep van 10 man je tafeltje nodig heeft.,SERVICE,negative
"ZEER SLECHTE ERVARING slechte wijn wordt verkocht als huiswijn voor 18,50€/1/2 liter men durft echter de lege fles niet laten zien omdat er op grote schaal bedrog wordt gepleegd met merk en kwaliteit frites maar half afgebakken, saus koud en op elk gerecht hetzelfde personeel is beschaamd voor de manier waarop ze het clienteel moeten bedriegen ZEKER GEEN AANRADER",FOOD,negative
"Dit bleek betrekking te hebben op de lunch, maar we konden deze gerust bestellen, (het was over zessen in de avond) de porties waren alleen wat kleiner volgens de ober.",SERVICE,neutral
"Na een dik half uurtje kwam mijn vissoep en die was voortreffelijk, mocht alleen wel wat warmer zijn.",FOOD,neutral
Ook de escargots van mijn partner waren heerlijk.,FOOD,positive
"Daarna de mosselen, voor mij in witte wijn en voor mijn man met knoflook, 't Smaakte prima, mosselen wat aan de kleine kant.",FOOD,negative
De ober was correct en vriendelijk.,SERVICE,positive
Ik zou het iedereen afraden!,RESTAURANT,negative
"Ik zit er nu en we werden net gewoon uitgelachen door de ober omdat we ""maar 2 thee"" hadden besteld.",SERVICE,negative
Geen fooi en wij komen hier nooit meer!,RESTAURANT,negative
"Het eten (3 gangen) werden op 40 minuten gebracht, voorgerecht was nog eetbaar, maar de waterzooi was meer bot dan kip en zag er verschrikkelijk wansmakelijk uit, het stoofvlees was ongelofelijk droog.",FOOD,negative
"We hadden een menu van 17 euro genomen, vooraf paté wat wel smaakte.",FOOD,neutral
"Dat leek wel een kinderportie, 5 blokjes vlees en een paar frietjes.",FOOD,negative
Biertje bij het eten waar ze 8 euro voor vroegen.,DRINKS,negative
We hadden beter naar het frietkot kunnen gaan.,RESTAURANT,negative
"Was niet verkeerd, smaak was redelijk tot goed.",FOOD,neutral
"Maar kennelijk viel de klandizie tegen, want halverwege onze maaltijd begon men om 21.00 uur de lege tafeltjes op te ruimen en te verplaatsen naar de 'nachtstand '.",SERVICE,negative
"Bediening was chagrijnig, er kon geen lachje vanaf.",SERVICE,negative
Het arme wicht had per ongeluk de mosselen van onze buren aan ons geserveerd.,SERVICE,neutral
enkele seconden later kwam ze doodleuk met een stalen gezicht dezelfde schaal opdienen bij onze buren.,SERVICE,negative
Wegblijven bij deze ballentent is mijn enige advies.,RESTAURANT,negative
Personeel niet vriendelijk.,SERVICE,negative
De kaart vermeld geen non-alcoholische dranken.,DRINKS,negative
Eten was van zeer slechte kwaliteit.,FOOD,negative
Wijn was niet te drinken.,DRINKS,negative
Wat een vriendelijke bediening.,SERVICE,positive
"Menu genomen met diverse kleine voorgerechtjes, geweldig lekker.",FOOD,positive
"Daarna visgerechten, ook echt goed.",FOOD,positive
Absoluut een aanrader.,RESTAURANT,positive
"Het eten is er puur Grieks, de bediening ontzettend vriendelijk en attent.",SERVICE,neutral
"Het eten is er puur Grieks, de bediening ontzettend vriendelijk en attent.",FOOD,positive
Wij kunnen dit restaurant zowel aan de locals als aan de toeristen aanraden.,RESTAURANT,positive
Heel vriendelijk onthaal door de patron en kersverse gerechten met eerlijke wijnen.,DRINKS,positive
Heel vriendelijk onthaal door de patron en kersverse gerechten met eerlijke wijnen.,SERVICE,positive
Dolmades en een nooit geziene kwaliteit van de Moussaka;,FOOD,positive
"Mooie porties in een zeer gezellig kader, vlak aan de markt.",FOOD,positive
"zeer vriendelijke uitbater, ik heb er lekkere gegrilde inktvis gegeten, door zijn ligging nogal duur en vooral op toeristen gericht, maar toch geen slechte ervaring!",FOOD,positive
"De betere Wijn, gin en whisky zijn hier geen onbekende en de desserts zijn voor duimen en vingers op te eten en...",FOOD,positive
Witte sangria aan gunstig prijsje en heerlijke salade met crème brulee van geitenkaas!,FOOD,positive
Grappige en vriendelijke ober.,SERVICE,positive
De gastvrouw is een prima kokkin en Tom is attent en vriendelijk!,SERVICE,positive
De gastvrouw is een prima kokkin en Tom is attent en vriendelijk!,FOOD,positive
Zeker een goed restaurant.,RESTAURANT,positive
"Alles perfect op smaak, leuke en verrassende gerechten.",FOOD,positive
"Het toetje was wat aan de karige kant, maar de smaak was top.",FOOD,positive
De bediening vond ik vrij informeel voor de setting.,SERVICE,neutral
"Wat een topkok, wat een heerlijke amuses",FOOD,positive
Culinair een 10,FOOD,positive
Vriendelijke bediening,SERVICE,positive
Mooie wijnen,DRINKS,positive
Alles wordt zeer origineel gebracht en de smaken zijn top!,FOOD,positive
Lekkere wijn en hele vriendelijke bediening.,DRINKS,positive
Lekkere wijn en hele vriendelijke bediening.,SERVICE,positive
her restaurant heeft een beperkte kaart maar alle gerechten zijn copieus en lekker.,FOOD,positive
"de gastvrouw, tevens Brugse gids, maakt het verschil.",SERVICE,positive
"1 uur wachten op een bruchetta, die een droog stukje brood was met wat platgebakken champignons erbij!",FOOD,negative
Hoofdgerecht was pasta met diepvrieszeevruchtenmix en nul komma nul smaak!,FOOD,negative
Echt geen restaurant waardig!!!!,RESTAURANT,negative
De enige garnituur was wat ongewassen peterselie die het gerecht volledig naar de knoppen hielp.,FOOD,negative
"Deze was (uit een potje), op een bord gesmeten met diepvries rode vruchten!!",FOOD,negative
Geef hier jullie geld niet aan!!!!,RESTAURANT,negative
Slechter dan deze kan niet!!,RESTAURANT,negative
UITSTEKEND!!,RESTAURANT,positive
Super bediening & eten heel heel lekker!,FOOD,positive
Is het enige Italiaans rest waar we komen...,RESTAURANT,neutral
Vriendelijke gastvrouw en no nonsense bediening.,SERVICE,neutral
De pizza en de pasta zijn lekker zonder meer.,FOOD,neutral
Het eten was lekker.....mijn zoon zou een 5 sterren hebben gegeven....indien hij dit kon doen.,FOOD,positive
"Top, we gaan zeker terug!",RESTAURANT,positive
"Heel lekker salaatje met mooie verse saladesoorten, niet die die je dikwijls geserveerd krijgt, recht uit de zak!",FOOD,positive
"Slaatje afgewerkt met lekkere dressing, gebakken spekjes en goede feta.",FOOD,positive
Als hoofdgerecht een stukje gebakken zalm met krieltjes en verse groentjes!,FOOD,positive
"Alles heel lekker, en zoals het een daglunch betaamt, in een uurtje geserveerd.",SERVICE,positive
De vriendeljke bediening mogen we zeker ook niet na laten te vermelden.,SERVICE,positive
Wel iets om terug te gaan en een van hun menuutjes of à la carte uit te proberen.,RESTAURANT,positive
"Geen spijt van gehad, het driegangen Marktmenu van €35,- was heerlijk.",FOOD,positive
"Het menu van €35,- was erg goed.",FOOD,positive
De smaken van de gerechten kwamen goed tot hun recht.,FOOD,neutral
De sfeer in dit prachtige gebouw is ongedwongen en plezierig.,AMBIENCE,positive
Wij kunnen dit restaurant in Brugge zeker aanbevelen.,RESTAURANT,positive
"Erg vlotte bediening, toffe sfeer en daarenboven zeer lekkere ribbetjes.",FOOD,positive
Vriendelijke ontvangst en heel vlotte bediening achteraf.,SERVICE,positive
De kwaliteit van de schotels is heel goed (wel niet de ribs genomen) en de porties zijn enorm.,FOOD,positive
Kortom voor herhaling vatbaar,RESTAURANT,positive
"het was even geleden... maar gisteren een onverwachte stop gemaakt, en natuurlijk niet kunnen weerstaan aan deze zoete verleidingen.... brownie met gember was superjammie!!!!!",FOOD,positive
hele lekkere patisserie!,FOOD,positive
ongelofelijke eclairs..,FOOD,positive
Maar het brood vind ik veeel te duur!,FOOD,negative
"Het ontbijt is verzorgd, vers en lekker.",FOOD,positive
Er is keuze tussen verschillende formules.,FOOD,positive
De bediening is vlot en vriendelijk.,SERVICE,positive
"Hoewel we vlot onze drankjes kregen, duurde het wel nogal lang totdat de man onze bestelling van eten kwam opnemen.",SERVICE,neutral
"Keuze is beperkt, belegde bagels, speciale croques van dikke sneden brood, kaas/vleesbordje,. uiteindelijk namen zowel ik als mijn vriendin een croque.",FOOD,negative
"Wel verzorgd, met beetje sla erbij.",FOOD,positive
Dienden hier 25 minuten op te wachten.,SERVICE,negative
Andere tafeltjes werden even traag bediend.,SERVICE,negative
"Ik begrijp dat de vrouw in de keuken ook maar twee handen heeft, maar de man stond ondertussen achter de bar -als ik me niet vergis -met zijn gsm te spelen.",SERVICE,negative
Ook na het eten duurde het minstens nog 10 min (en een wenkgebaar van ons) voor de man onze borden kwam afruimen en ons vroeg of we nog iets wensten.,SERVICE,negative
"Deze kwam even traag als de rest van de bediening, dus zijn we gaan betalen aan de bar.",SERVICE,negative
Pluspunt: het eten was lekker en verzorgd.,FOOD,neutral
"Prijzen zijn ook echt aan de dure kant voor lunch, als ik ruim 15 euro betaal voor lunch heb ik op meeste bistro's daarvoor al een biefstuk+friet, vol-au-vent, of een verzorgd bord pasta.",FOOD,negative
"Het was aangenaam vertoefen, heel vriendelijk mensen en het eten was zeker naar behoren, een snelle degelijke hap.",FOOD,positive
"Super lekker eten, vers, leuk gebracht, grote portie.",FOOD,positive
"Super bediening, vriendelijk en attent.",SERVICE,positive
Zeker dat ik hier naar terug kom.,RESTAURANT,positive
"Uiterst gezellige familiezaak, waar ze 'service with a smile' hoog in het vaandel dragen.",SERVICE,positive
De uitbaters leggen je er echt in de watten.,SERVICE,positive
"Toppers zijn de verse chocolademelk, de Victoria spongecake, cheesecake en de 'scrambled eggs'-bagel.",FOOD,positive
"De seizoensgebonden kaart, geweldige bediening en de prettige ambiance, maakt het dat dit restaurant zeer goed is!",SERVICE,positive
"De seizoensgebonden kaart, geweldige bediening en de prettige ambiance, maakt het dat dit restaurant zeer goed is!",AMBIENCE,positive
Echt een aanrader!,RESTAURANT,positive
Het was genieten van de atmosfeer en het eten.,AMBIENCE,positive
Het was genieten van de atmosfeer en het eten.,FOOD,positive
"De broers brengen je een pure, verfijnde en kwaliteitsvolle keuken in een sprookjesachtig kader.",FOOD,positive
Wij komen zeker terug.,RESTAURANT,positive
Weinig keus maar toch voldoende om je een lekker menuutje te laten serveren.,FOOD,positive
De service is een beetje koel maar toch correct.,SERVICE,neutral
"Een sfeervol, gezellig kader.",AMBIENCE,positive
"Superlekker gegeten, meer dan gewoon.",FOOD,positive
"We gaan zeker terug, maar misschien alleen met vrouwen, want peter, die ons bediende was een streling voor het oog.",SERVICE,positive
"Super toffe bediening, aangepaste wijntjes en dat in een mooi en rustig kader, weg van de drukte aan 't Zand en zijn toeristenvallen.",AMBIENCE,positive
Het was een verademing voor ons om even uit de drukte van de markt in Brugge in alle rust en zeer sfeervol te genieten van een heerlijke maaltijd.,FOOD,positive
Al in het menu wordt je geïnformeerd over lactose- en glutenvrije recepten.,FOOD,positive
De combinatie met de wijn soorten was bijzonder.,DRINKS,positive
Heerlijk.,RESTAURANT,positive
In dit restaurant lukt het wel.,RESTAURANT,positive
"Als in Brugge wonend, is dit restaurant een echte aanrader en ééntje dat ik andere zou aanraden.",RESTAURANT,positive
Het is er verzorgd en heel verse voedsel.,FOOD,positive
De chef toont een grote gedrevenheid en passie voor zijn vak.,SERVICE,positive
Ik ben hier al verschillende keren geweest en het was steeds in orde.,RESTAURANT,neutral
Je krijgt meer dan waard voor je geld!,RESTAURANT,positive
"Heb hier al verschillende malen gegeten en telkens vlotte bediening, heel lekker om te eten, mooi gepresenteerd en ruime porties ook.",FOOD,positive
Heel redelijk van prijs en veel gerechten dat je ergens anders niet direct Zal vinden.,RESTAURANT,positive
De Lasagne is super.,FOOD,positive
Doe zo voort!,RESTAURANT,positive
"Mooi, modern interieur en een kok waar je aan merkt dat hij enorm gepassioneerd met eten bezig is!",FOOD,positive
"Mooi, modern interieur en een kok waar je aan merkt dat hij enorm gepassioneerd met eten bezig is!",AMBIENCE,positive
"De verse limonade vonden we wat bitter afsmaken maar het eten, in ons geval een salade met zalm en een quiche smaakten ongelooflijk goed.",FOOD,positive
"En dan heb ik het nog niet gehad over het dessert, een eigen versie van een snicker een absolute aanrader.",FOOD,positive
Ik zou zeggen doe zo verder en ons zie zeker en vast nog terug.,RESTAURANT,positive
Wij hebben heerlijk gegeten en genoten van de lekkere wijn.,DRINKS,positive
"Bediening was keurig, ambiance sfeervol en gezellig.",SERVICE,positive
"Bediening was keurig, ambiance sfeervol en gezellig.",AMBIENCE,neutral
"Echt een top avond gehad, wij komen zeker terug!",RESTAURANT,positive
"Het Parkrestaurant is zeker de moeite waard, wel eerder te beoordelen als een totaalconcept: zeer vriendelijke en persoonlijke ontvangst, mooi, gezellig en stijlvol interieur, warme sfeer, goede achtergrondmuziek (wij zaten in het tweede gedeelte op een tussenverdieping, aan te raden)",AMBIENCE,positive
"De keuken is op het niveau van de ""goede burgerkeuken"", verwacht geen topgastronomie.",FOOD,neutral
De gerechten zijn heel lekker en de porties ruim er wordt met verse ingrediënten gewerkt.,FOOD,positive
"De bediening is vriendelijk en attent (veel personeel aanwezig) maar mist wat ervaring en vlotheid, soms nogal onhandig.",SERVICE,neutral
goed eten de bediening is ook heel attent en weet waar ze over praten zoals de wijn en wat vooreten je op je bord krijgt,SERVICE,positive
Ook de persoonlijke aandacht van de chef is heel leuk ik zou iedereen aanraden dit restaurant een keer te bezoeken wel reserveren via internet,SERVICE,positive
We hebben vorig weekend bij Park Restaurant gegeten om de verjaardag van mijn vriend te vieren en het was een zeer geslaagde avond.,RESTAURANT,positive
"Het menu was om van te smullen, de wijn paste uitstekend bij de gerechten, en we zijn zeer vriendelijk ontvangen.",DRINKS,positive
"Het menu was om van te smullen, de wijn paste uitstekend bij de gerechten, en we zijn zeer vriendelijk ontvangen.",SERVICE,positive
Kortom: een aanrader voor een weekend in Brugge!,RESTAURANT,positive
En als klap op de vuurpijl een grote mond.....de klant moet niet zeuren maar moest een fooi geven.,SERVICE,negative
"we hopen dat hieraan iets gedaan kan worden, want dit is een absoluut dieptepunt in zo'n mooie stad.",RESTAURANT,negative
"Personeel kijkt je niet aan, kwakken je eten op je tafel en nemen niet eens de moeite om iets tegen je te zeggen.",SERVICE,negative
Als je om brood vraag krijg je een stapel boterhammen uit een plastic zak.,FOOD,negative
En dat tegen de prijzen; 4 Euro 80 voor een pilsje en zes en halve Euro voor een glas witte huiswijn.,DRINKS,negative
Mijden dit restaurant.,RESTAURANT,negative
Prima ambiance en een aantrekkelijke kaart.,AMBIENCE,positive
De gastvrouw is bijzonder attent.,SERVICE,positive
Een aandachtspuntje wat mij betreft is het gebruik van kruiden; waar de soep naar mijn smaak juist een te uitgesproken pepersmaak had waardoor andere smaken worden overschaduwd waren de hertennootjes juist nogal 'laf' gekruid.,FOOD,negative
Dit kleine restaurant in een Brugs zijstraatje is een echte aanrader.,RESTAURANT,positive
Vooral de babykreeft met waterzooi heeft me zeer aangenaam verrast.,FOOD,positive
"Eindelijk weer eens een klassieke keuken, vers en lekker zonder alteveel cinema!",FOOD,positive
De bediening was zeer vlot.,SERVICE,positive
Het eten was lekker.,FOOD,positive
Een dikke pluim voor het personeel van deze zaak!,SERVICE,positive
"Jammer genoeg hebben we dit de laatste jaren steeds meer zien wegdeemsteren tot een niveau vér beneden alle peil: klant-onvriendelijke patron, slecht eten en geen service...",SERVICE,negative
"Jammer genoeg hebben we dit de laatste jaren steeds meer zien wegdeemsteren tot een niveau vér beneden alle peil: klant-onvriendelijke patron, slecht eten en geen service...",FOOD,negative
"Deze keer nam ik de vissoep 'kleine bouillabaise' deze was naar mijn mening zeer ondermaats, De soep smaakte niet naar vis, er was een groot stuk zalm in (wat ik niet graag lust: dus niet hun fout) er was de kop van een langoust in (lust ik wel graag) dus jammer genoeg enkel de kop.",FOOD,negative
De schelpen waren veel te ver en er waren krabbetjes in.,FOOD,negative
En zeggen dat we deze zaak reeds aanbevolen aan vrienden.,RESTAURANT,negative
"Vlees en vis van de beste kwaliteit, vriendelijk geserveerd op een professionele wijze.",SERVICE,positive
"Vlees en vis van de beste kwaliteit, vriendelijk geserveerd op een professionele wijze.",FOOD,positive
(Niet toevallig want we zijn er al meermaals geweest!),RESTAURANT,positive
Ik heb niets aan te merken op de kwaliteit van het eten maar het is gewoon te duur.,FOOD,negative
"De irish coffee komt de baas inderdaad aan tafel maken, je betaalt er 10 euro voor en dit is ook gewoon té duur.",DRINKS,negative
"Supervriendelijke bediening, heel lekker eten en zeer hondvriendelijk!",SERVICE,positive
"Supervriendelijke bediening, heel lekker eten en zeer hondvriendelijk!",FOOD,positive
Doe zo voort!!!!!,RESTAURANT,positive
2 van ons hadden de zalm besteld van om en bij de 24€ met frietjes 1 had de steak (nog geen 125 gr) 23€ met frietjes 1 had saté 19€ met frietjes 1 scampi in curry met brood het stukje zalm was niet om aan te zien en de steak bijna niet te vinden.,FOOD,negative
"gelukkig serveren ze het op een bord zonder garnituur dat apart in een kommetje op het bord stond, ander hadden wij het stuk vis of vlees niet gevonden.",FOOD,neutral
1 schotel friet voor 5 volwassen personen was ruim ondermaats en bijbestelde friet kwam nadat onze borden reeds geruime tijd leeg was.,FOOD,negative
Nadat wij de patroon van ons ongenoegen hadden op de hoogte gebracht heeft hij ons arrogant te woord gestaan en ons gewezen dat dit de normale porties zijn die hij zijn klanten voorschotelt.,SERVICE,negative
U weze gewaarschuwd!,RESTAURANT,negative
"Al slecht gegeten, smaken kunnen nl verschillen, maar er ziek van zijn dat is echt niet meer normaal te noemen.",FOOD,negative
Voorgerechten: 'Licht gebakken tonijn' was doorbakken.,FOOD,negative
"'Scampi in de look' was niet overdreven, ze zwemden in de boter, ongeloofelijk veel look.",FOOD,negative
"Hoofdgerechten Gebakken ribbetjes met 3 sauzen, ribbetje was precies al eens opgewarmd geweest, de smaak was wat vreemd, maar ik dacht aan een vreemde marinade.",FOOD,negative
"De sausjes (huisgemaakt?) hadden precies meerdere kleuren (voor de duidelijkheid, dezelfde saus had verschillende kleuren na er in te hebben geroerd).",FOOD,neutral
Ook hangde er veel vet aan de ribbetjes.,FOOD,negative
"De steak met bearnaisesaus van mijn vriendin werd saignant besteld, maar bien cuit geleverd, na dit duidelijk te maken antwoord de ober, oh ik zei bc maar ik wist het eigenlijk niet, zal wel saignant zijn, de steak was net niet zwart...",SERVICE,negative
"De frietjes... wel om in dezelfde sfeer te blijven als andere commentaren, zelfs deze in de MacDonalds zijn beter.",FOOD,negative
Het slaatje dat er werd bijgegeven was ok.,FOOD,neutral
"Het dessert was nog het beste, maar wij hadden geluk blijkbaar.",FOOD,positive
"Dezelfde tiramisu bij de buren was keihard en enkel warm aan de onderkant, klinkt als microgolf voor mij.",FOOD,positive
"Mijn vriendin had appeltaart, die ze wel ok vond.",FOOD,neutral
De wijn... laat ons zeggen dat ik er al betere heb gedronken voor voor veel minder dan 22 euro.,DRINKS,negative
"Deze zaak zou moeten gesloten worden, want ik ben duidelijk niet de enige die hier een slechte ervaring heeft meegemaakt.",RESTAURANT,negative
"Toen we na een halfuur eindelijk ons eten aan tafel kregen, namen wij elk 1 hap van ons gerecht om dan tot besef te komen dat het niet te vreten was!",SERVICE,negative
"De pasta carbonara was niks meer dan een harde laag koude kaas, room en doorweekte spaghetti, en de pannenkoeken waren precies gemaakt in een pan dat ze al dagen niet hadden gewassen.",FOOD,negative
Verschrikkelijk gewoon!,RESTAURANT,negative
"De ober (een jobstudent) ging terug naar de keuken met onze borden maar wij kregen deze gewoon terug, en de chef zei dat deze beide gerechten normaal waren en er niks mis mee was.",SERVICE,negative
"Omdat mijn vriend amper 2 happen had genomen van zijn pasta, weigerde hij deze te betalen, waarna het keukenpersoneel heel frank deed en ons dwong om te betalen!!!!!!!",SERVICE,negative
Wij komen hier nooit meer terug en raden het aan iedereen af.,RESTAURANT,negative
Als ik kon zou ik het aan het restaurant zelf een bordje plaatsen om het aan alle bezoekers af te raden!!!!!!!!!!!!!!!!!!!,RESTAURANT,negative
Klasse maaltijden en positief qua prijs/kwaliteit.,RESTAURANT,positive
Buiten komen met een voldaan en gelukkig gevoel.,RESTAURANT,positive
"Toffe mensen met een fijne, vriendschappelijke en verzorgde uitstraling.",SERVICE,positive
"meer dan voor herhaling vatbaar, aanrader.",RESTAURANT,positive
"Fijne en gezellige bediening, klasse maaltijden.",SERVICE,positive
"Fijne en gezellige bediening, klasse maaltijden.",FOOD,positive
Ik zal hier nog geregeld binnenspringen en dan niet alleen voor het lekkere eten maar ook voor de gastvrijheid.,FOOD,positive
Ten eerste zijn we heel leuk ontvangen door het personeel.,SERVICE,positive
Toen kwam het eten en dat was perfect!,FOOD,positive
Lekkerste lam en kip in tijden.,FOOD,positive
De couscous was daarnaast ook zeer goed bereid.,FOOD,positive
We komen zeker terug.,RESTAURANT,positive
Alles tip top in orde... eten super lekker... hele vriendelijke bediening en nog zoveel meer... heel leuk ook voor familie gelegenheden... weinig geld en heel veel om te eten...,SERVICE,positive
Alles tip top in orde... eten super lekker... hele vriendelijke bediening en nog zoveel meer... heel leuk ook voor familie gelegenheden... weinig geld en heel veel om te eten...,FOOD,positive
3 haren (van de kok) tegen gekomen.,FOOD,negative
Keteltje geroest en goed beschadigd.,FOOD,negative
"Platte frietjes erbij gekregen, zure en lopende mayo.",FOOD,negative
"Vriendin had vol au vent, maar die zag eruit alsof ie al eens gegeten was...",FOOD,negative
"Mij zien ze daar niet meer, veel te duur voor zo'n slechte kwaliteit!",RESTAURANT,negative
Zéér onvriendelijk personeel eten was zeer matig.,SERVICE,negative
Zéér onvriendelijk personeel eten was zeer matig.,FOOD,negative
Prijs kwaliteit verhouding klopt hier duidelijk niet.,RESTAURANT,negative
"Dit is zeker geen aanrader, het eten is zeer flauw",FOOD,negative
"Als je graag goed eet is dit zeker niet een restaurant die je moet nemen, er zijn veel betere in Oostende, spijtig want de locatie is prachtig... op de markt",RESTAURANT,positive
"Stel je geen toprestaurant voor, maar... wij werden vriendelijk ontvangen, kregen een correcte bediening en lekker eten.",SERVICE,positive
"zijn er gaan eten op zondagavond 02 november met bon van groupon, hadden een brede keuze uit menu's, kregen een mooie tafel aan het venster met kaarslicht, goede en snelle bediening.",FOOD,positive
"het eten echt lekker, niets op aan te merken.",FOOD,positive
Helaas moesten we ruim 20 minuten wachten tot dat we konden bestellen.,SERVICE,negative
Wel redelijk lekkere soep en garnalen kroketten.,FOOD,neutral
Maar de dame uit de bediening schold twee andere gasten uit om een meningsverschil op het bonnetje.,SERVICE,negative
Even later werd mijn vriendin ook weggejaagd omdat ze de verkeerde deur naar de WC nam.,SERVICE,negative
NOOIT MEER!,RESTAURANT,negative
"Inderdaad, lang wachten, drank niet gekoeld, onbeleefde, neen, onbeschofte bediening, aangebrand voedsel en als je dan als klant voorzichtig een opmerking maakt, moet je (dixit) ""stoppen met zeveren""...",SERVICE,negative
Mij zien ze hier in ieder geval NOOIT MEER!,RESTAURANT,negative
Ook heb je veel dat het eten er koud is of dat er machines kapot zijn vb mc flurry.,FOOD,negative
Maar het personeel is er wel vriendelijk.,SERVICE,positive
Nadien kwam de rogge: zodanig uitgedroogd dat het onmogelijk was om het van de graat te krijgen.,FOOD,negative
-Dit was echt niet eetbaar.,FOOD,negative
Toen ik de opmerking maakte werd mij geantwoord dat de andere kant minder droog was.,SERVICE,negative
Een etentje dat in het geheugen staat gegrift :(,RESTAURANT,negative
Na een tijdje dan toch de menukaart gekregen...... deze was niet meer dan een plakboek letterlijk en figuurlijk.,FOOD,negative
Prijzen aangepast met een klevertje en de kaart blijft aan je handen kleven.,FOOD,negative
"Was duidelijk 2de rangs vlees en was nauwelijks warm, sauzen zijn te verkrijgen in potjes van de frituur.",FOOD,positive
"De jongens van de bediening proberen hun best te doen, maar helaas kunnen zij het verdenken kalf niet redden.",SERVICE,negative
Ik heb er geen spijt van.,RESTAURANT,positive
De mosselen waren lekker en voor 13 euro krijg je ze nagenoeg nergens.,FOOD,positive
Friet met mayonaise was inbegrepen en het personeel was vriendelijk.,SERVICE,positive
Friet met mayonaise was inbegrepen en het personeel was vriendelijk.,FOOD,positive
"Maar toen we daar ter plekke arriveerden, bleek het restaurant dicht, met vakantie.",SERVICE,negative
Blijkbaar had niemand er aan gedacht ons hier van te verwittigen.,SERVICE,negative
Het aan bod van bieren en andere is zeer beperkt,DRINKS,negative
De prijzen aan de hoge kant en de service is zeer traag.,SERVICE,negative
Het kan duidelijk beter.,RESTAURANT,negative
wil je lekker en goedkoop eten?,FOOD,positive
Alles zeer correct en lekker.,FOOD,positive
Goede bediening.,SERVICE,positive
Kwaliteit van de geserveerde wijnen per glas kon beter.,DRINKS,negative
We waren goed ontvangen en direct naar de tafel begeleid.,SERVICE,negative
Op het krijtbord waren er wijnsuggesties aan aan aantrekkelijke prijs.,DRINKS,positive
"We hebben gekozen voor de tartaar van kingkrab, zeer lekker en fris bereid.",FOOD,positive
De vissoep en de huisgemaakte Garnaalkroketten deze zijn echt authentiek bereid.,FOOD,positive
Daarna een filet pur met pepersaus perfect gebakken.,FOOD,positive
Zeer goede gegaarde risotto.,FOOD,positive
"Zeker een aanrader zowel interieur, bediening, en eten.",SERVICE,positive
Tot nog eens.,RESTAURANT,positive
Wat een teleurstelling.,RESTAURANT,negative
Het ziet er allemaal mooi en veelbelovend uit maar eten is een ramp.,FOOD,negative
Het voorgerecht zit vol; bloemsaus en het hoofdgerecht een puinhoop.,FOOD,negative
"De aangepaste wijnen bij het menu zijn slecht, de witte wijn niet gekoeld, de service is gevoelloos en onpersoonlijk.",DRINKS,negative
"De aangepaste wijnen bij het menu zijn slecht, de witte wijn niet gekoeld, de service is gevoelloos en onpersoonlijk.",SERVICE,negative
Nooit meer.,RESTAURANT,negative
Samen met mijn dochter ging ik een avondje genieten in restaurant St Christophe; het was voor beiden een aangename ervaring!,RESTAURANT,positive
Ook de langoest kon onze goedkeuring krijgen.,FOOD,positive
Een dikke bravo voor de keuken!,FOOD,positive
Deskundige weetjes over de wijnen werden ons heel vriendelijk meegegeven en de gastvrijheid van mevrouw is hartverwarmend!,SERVICE,positive
Wij komen zeker terug!,RESTAURANT,positive
Wij komen zeker terug!,RESTAURANT,positive
Wij komen zeker terug!,RESTAURANT,positive
Wij komen zeker terug!,RESTAURANT,positive
Moet kunnen met drie tafeltjes en toch liep de bediening niet echt vlot.,SERVICE,negative
"Voorgerecht, het halve kreeftje, was prima.",FOOD,positive
"Hoofdgerecht, de steak, zeer degelijk.",FOOD,positive
Dessert was een niemendalletje.,FOOD,negative
"Uiteindelijk met alles erop en eraan, toch prijzig.",RESTAURANT,negative
"De dame deed het prima, de heer nogal geforceerd.",SERVICE,negative
Prijs/kwaliteit best prima.,RESTAURANT,positive
"Goed dat we er een keer geweest zijn, maar daar blijft het er ook bij.",RESTAURANT,neutral
Gastronomisch lekker gegeten in prachtig oud herenhuis.,FOOD,positive
Bediening op niveau.,SERVICE,positive
De tomatensoep was lekker.,FOOD,positive
De pladijs die volgde was maar zeer matig: klein en iets te hard gebakken en voor ons beiden kregen we één erg karige portie frietjes.,FOOD,negative
Er bijvragen lukte maar nadat de ober wel al 10 keer voorbijgekomen was zonder op te kijken zodat we ze uiteindelijk kregen als de rest van ons bord al leeg was.,SERVICE,negative
"Als dessert hadden we een Dame Blanche: een bolletje half gesmolten ijs met was chocoladesaus en een ruime portie crème fraiche uit de spuitbus, geserveerd in een glas.",FOOD,neutral
Een dessert van een lunch hoeft niet groot te zijn maar mooier serveren en dan liefst niet in een glas zou al veel helpen.,FOOD,negative
"Bij New Havana te knokke, kan men lekker eten, ja prijzen liggen wat hoger maar euh... dat geld voor zo wat heel Knokke.",FOOD,positive
"Wij worden altijd prima bediend, en genieten er van een drankje of lekker eten.",DRINKS,positive
"Wij worden altijd prima bediend, en genieten er van een drankje of lekker eten.",SERVICE,positive
Wij kunnen het alle sinds zeker aanraden.,RESTAURANT,positive
Pannekoeken zijn lekker!,FOOD,positive
De service is oke! (is te zien bij wie!),SERVICE,neutral
"Dit is het vuilste, slechtte restaurant ooit bezocht en wij bezoeken er veel per jaar.",RESTAURANT,negative
De ober hebben ze uit de adams familie gehaald.,SERVICE,negative
Het eten was bedorven.,FOOD,negative
Sluiten die handel,RESTAURANT,negative
En we genoten weer van de heerlijkheden die de zee te bieden had.,FOOD,positive
dit is en blijft toch al jaren een van de betere adressen op de zeedijk van Knokke-Heist.,RESTAURANT,positive
En als we volgend jaar of vroeger weer in de buurt zijn komen we graag terug.,RESTAURANT,positive
Zeer goede keuken met zicht op zee.,AMBIENCE,positive
We werden goed ontvangen door de uitbaatster die duidelijk beter omringd wordt dan voorheen.,SERVICE,positive
Het keuzemenu is van uitstekende kwaliteit.,FOOD,positive
Daarna kwam een royale portie kabeljauw met jonge spinazie en mousseline.,FOOD,positive
Grote familiezaak aan de kust.,RESTAURANT,positive
Alles super vers en subliem klaargemaakt.,FOOD,positive
Attente en vriendelijke bediening in leuk kader.,SERVICE,positive
Met andere woorden een echte aanrader!,RESTAURANT,positive
Heel goed restaurant.,RESTAURANT,positive
2 lunchmenu's met ruime keuze voor voor- en hoofdgerechten aan correcte prijs.,FOOD,positive
Bovendien vriendelijke en attente bediening.,SERVICE,positive
Kwamen hier reeds eerder en komen steeds met plezier terug.,RESTAURANT,positive
Een stel stumpers doet de bediening.,SERVICE,negative
"Daardoor is het lang wachten voor je bestellen kunt, lang wachten tot je bediend wordt en na je drankje een maaltijd bestellen is bijna een onmogelijke opgave.",SERVICE,negative
"We kregen matig voer tegen Knokke- prijzen, die omdat het casino ernaast ligt nog eens extra over de kop waren gegaan.",FOOD,negative
"Nee, dit restaurant zal geen lang leven beschoren zijn.",RESTAURANT,negative
"Deze keer was zowel het eten, service en restaurant ondermaats!!!!",FOOD,negative
We hadden garnaalkroketten genomen waar je de garnalen moest zoeken.,FOOD,negative
"De salade die erbij geserveerd werd was ook al niet fris meer en erop gegooid, gefrituurde peterselie was ook van matig niveau!",FOOD,negative
De boter die bij onze zeetong geserveerd werd zat vol verbrande stukjes :-(.,FOOD,negative
"Er waren 3 zaalbediende aanwezig en het was zeker niet druk, ze hadden tijd om te praten met elkaar dus een had makkelijk een beetje ""puin"" kunnen ruimen!",SERVICE,negative
"Wij zijn dan zelf maar gaan zitten en werden door een onbeschofte (oude man met grijs haar) ""geholpen"" (= ik kom terug als ik tijd).",SERVICE,negative
"Na eindelijk te hebben besteld, zagen we obers klungelen (zoeken naar de juiste tafels), de oude grijze man was iedereen aan het beledigen,.....",SERVICE,negative
"We hebben zeker 16 tafels zien weglopen, omdat ze niet werden bediend.",SERVICE,negative
"Na het eten vroegen we nog een koffie aan de oude man en zijn antwoord was: 'neen!!!, ik ga eerst alle tafels (veel) afruimen en dan pas kom ik terug.",SERVICE,negative
"Toen kwam die ober terug: 'Ik wil mijn excuses aanbieden met 2 gratis koffie (we hadden er 3 besteld), maar als ge het niet goed vind moet je zelf maar eens een schort aantrekken 'SPECIAAL EXCUUS!!!!",SERVICE,neutral
"Het eten was wel lekker maar door de onhandigheid van de obers (minutenlang zoeken naar de juiste tafel), was de saus koud!!!!",SERVICE,neutral
"Het eten was wel lekker maar door de onhandigheid van de obers (minutenlang zoeken naar de juiste tafel), was de saus koud!!!!",FOOD,negative
Hier kom ik nooit meer terug en ik hoop dat de ober (oude man met grijs haar) ontslagen zal worden.,SERVICE,negative
Want hoe hij reageerde op de klanten was schandalig!,SERVICE,negative
Ik kan mij echter niet voorstellen dat er geen betere restaurants in Ieper zijn.,RESTAURANT,negative
"Begrijp mij goed, het is niet slecht, maar ook niet echt geweldig.",RESTAURANT,neutral
"Er zijn 5 dames om te bedienen, maar toen wij binnen kwamen was er niemand om aan te vragen of er nog een tafel vrij was.",SERVICE,negative
Later op de avond was een serveerster klaar met haar werk en begon dus maar de etensresten tussen haar tanden uit te peuteren.,SERVICE,negative
"Het eten was gewoon goed, maar ook niet meer dan dat.",FOOD,neutral
We hebben met zijn 3en heerlijk gegeten bij Capella.,FOOD,positive
"De bediening was vriendelijk, correct, behulpzaam en erg prettig.",SERVICE,positive
"We hadden alle drie een 3 gangen menu, wat echt heerlijk was.",FOOD,positive
"Ik had er een wijn arrangement bij besteld, wat ook lekker was.",DRINKS,positive
"Na verschillende malen lang gewacht te hebben op ons eten (+45min!!!), bestelden we de laatste maal videe en stoofvlees.",SERVICE,negative
"De naam restaurant niet waardig, serveren enkel vacuüm maaltijden en service is dus ondermaats.",SERVICE,negative
"De tuin kon leuk zijn als het gras eens gemaaid werd, het terras nog leuker als de tafels proper waren en het zou Tienen een leuk restaurant rijker maken indien de bediening vriendelijk was en de wachttijden respectabel.",SERVICE,negative
"De tuin is leuk, maar het duurt lang voor je eten hebt en het is maar matig van kwaliteit.",FOOD,positive
"Zeer leuk is de tuin buiten, het eten is ook lekker.",AMBIENCE,positive
"Zeer leuk is de tuin buiten, het eten is ook lekker.",FOOD,positive
"Voor de derde keer dit jaar hebben we alweer heerlijk genoten: in de keuken wordt nog steeds getoverd, de gastvrouw is stijlvol en enthousiast alom aanwezig, de bediening is vlekkeloos, de wijnkeuze van de sommelier is subliem.",SERVICE,positive
"Voor de derde keer dit jaar hebben we alweer heerlijk genoten: in de keuken wordt nog steeds getoverd, de gastvrouw is stijlvol en enthousiast alom aanwezig, de bediening is vlekkeloos, de wijnkeuze van de sommelier is subliem.",FOOD,positive
Onze volgende reservatie ligt al vast...,RESTAURANT,positive
Van bij de amuse gueule tot het bij het dessert is het ongelooflijk genieten van al die smaken.,FOOD,positive
De ontvangst en bediening zijn vriendelijk en verzorgd.,SERVICE,positive
"Dit restaurant heeft een leuk concept, een warme inrichting en is niet toeristisch gelegen.",AMBIENCE,positive
Er worden echter meer klanten in het restaurant toegelaten dan de bediening aankan.,SERVICE,negative
Er is niemand die de leiding over de zaal neemt en/of het overzicht bewaard.,SERVICE,negative
De vaste bediening wordt aangevuld met student(en) die vooral veel heen en weer lopen met niets of één iets in de hand.,SERVICE,negative
-vriendelijke ontvangst en aperitief aan de bar (toen was nog maar 1/3 van de gasten aanwezig),SERVICE,positive
-ijsblokjes en garnituren worden onhygiënisch met de blote hand genomen.,FOOD,negative
-na een tweede maal vragen komt de -originele- wijnkaart eraan.,DRINKS,positive
"-wijn bestellen lukt moeilijk, de opdienster zegt dat ze geen tijd heeft en zo meteen terugkomt, maar ze vergeet dit.",SERVICE,negative
We spreken na een tijdje een andere ober aan die wel de tijd heeft om de twee woorden die nodig zijn om onze keuze kenbaar te maken te onthouden.,SERVICE,positive
-de opdienster die geen tijd had stond tussendoor frietjes te eten aan de tafel waar een familielid van haar als klant zat.,SERVICE,negative
-het hapje was correct en zurig fris.,FOOD,neutral
Het brood was lekker.,FOOD,positive
"-het voorgerecht, extra zachte gerookte zalm, was standaardkwaliteit van de groothandel.",FOOD,neutral
De vetnaad vlakbij het staartstuk van de zalm die hard wordt bij het roken was niet weggesneden door de keuken.,FOOD,negative
"-de fondue was lekker, de frietjes vers, de sausjes industrieel.",FOOD,positive
"-er wordt gevraagd of er nog wat frietjes moeten zijn, waarop snel nog een kommetje volgt.",SERVICE,positive
'Wij wachten nog op vlees 'antwoordden wij.,SERVICE,negative
"De frieten zijn ondertussen uiteraard koud, maar we vragen er geen warme meer, wie weet wanneer we ze krijgen.",FOOD,negative
De stress van het zaalpersoneel en het onnodig (inefficiënt) drukdoend heen en weer lopen straalt af op de klanten en bepaalt de sfeer in de zaak.,SERVICE,negative
"Toen ik vroeg of men Nederlands sprak, was het antwoord 'non'.",SERVICE,negative
"Uiteindelijk was ik blij verrast, wij hebben een fijne bediening gehad van vriendelijk personeel.",SERVICE,positive
Geen culinaire hoogstandjes maar daarvoor heb je andere etablissementen in Nieuwpoort.,FOOD,neutral
We hebben allebei pizza frutti di mare gegeten en deze was qua prijs/kwaliteit best ok.,FOOD,neutral
"Lekker veel kaas, geen uitgedroogde korst zoals je vaak tegenkomt, eigenlijk ook best luchtig.",FOOD,negative
"Bij de bediening liep er echter iemand rond die geen woord Nederlands kon, dat vind ik voor Nieuwpoort absoluut niet kunnen.",SERVICE,negative
Maar wat we kregen was dus lekker.,FOOD,positive
Dus in het wildseizoen: allen daarheen!,RESTAURANT,positive
Wij houden van dit restaurant vooral omwille van de keuken en vriendelijkheid van Abdel.,FOOD,positive
Maandmenu: Het 'fijnproeversbordje' bestond uit een toastje van 1 vierkante centimeter met een stukje pate op en iets dat gelijkt op uienkonfijt.,FOOD,negative
De boter die we bij de 3 stukken brood kregen (voor 2 personen) had de vervaldatum 12/12/13 (bijna een maand over datum),FOOD,negative
De carpacio (tataki op het menu) was waterachtig en inspiratieloos.,FOOD,negative
Het hoofdgerecht (varkenswangetjes) was lekker.,FOOD,positive
De wijnen kunnen enkel besteld worden per glas of per halve liter??? behalve de huiswijn..,DRINKS,negative
Hier is nog veel werk aan..,RESTAURANT,negative
Het eten was wel lekker en mooi gepresenteerd op het bord.,FOOD,positive
Maar van het personeel kon er ook geen glimlachje af.,SERVICE,negative
Reeds 5 keer heb ik dit restaurant bezocht en nooit een een ontgoocheling gehad.,RESTAURANT,positive
De ontvangst is steeds gastvrij en prijs/kwaliteit ligt uitstekend.,SERVICE,positive
"Carpaccio van everzwijn, patrijs met rode biet & boschampignons zijn stuk voor stuk verrassende combinaties.",FOOD,positive
"5 gangen voor 45,00 euro is een eerlijke prijs voor een voorstreffelijk menu.",FOOD,neutral
Wij bezoeken dit restaurant regelmatig omdat je hier de beste pizza uit de streek vindt.,RESTAURANT,positive
Mateo is niet voor niets verkozen tot beste pizza-bakker van Oost-Vlaanderen.,FOOD,positive
Bovendien houden wij van de gezellige familiale sfeer.,AMBIENCE,positive
Er is een uitstekende wijnkaart die regelmatig vernieuwd wordt.,DRINKS,positive
Ook het gewone menu kent regelmatig afwisseling.,FOOD,positive
"Iedereen slooft zich dan wel uit om het de klanten naar de zin te maken, doch men kan ook niet meer doen dan menselijkerwijs mogelijk is.",SERVICE,neutral
Slachtoffer van eigen succes zou men kunnen zeggen.,RESTAURANT,negative
Gewoon onbeleefde bediening.,SERVICE,negative
Wij komen hier in elk geval NOOIT nog terug.,RESTAURANT,negative
"Het eten was niet slecht, maar dat kon de onbeleefdheid van de gastvrouw niet goed maken.",SERVICE,neutral
"Het eten was niet slecht, maar dat kon de onbeleefdheid van de gastvrouw niet goed maken.",FOOD,negative
"Het eten was geweldig, nooit heb ik Italië zo nabij gevoeld als in de Etna.",FOOD,positive
"De kok heeft prijzen gewonnen voor ""beste pizzaiolo van Vlaanderen'"" en is hier heel trots op.",FOOD,positive
Ook de prijs is heel redelijk.,RESTAURANT,positive
"Ik kom hier zéker terug, zeker weten!!!!",RESTAURANT,positive
Super lekkere pasta's en pizza's gegeten!,FOOD,positive
"Hartelijke ontvangst, goed om vooraf te reserveren.",SERVICE,positive
prijs is gemiddeld.,RESTAURANT,neutral
Ook de formule 'pizza party' is een schot in de roos!!,FOOD,positive
Ik had een steak saignant gevraagd maar deze was medium tot bien cuit.,FOOD,negative
Als ik hierover een opmerking maakte kreeg ik hetzelfde vlees gewoon terug met de melding dat ik verkeerd was.,SERVICE,negative
Voor de rest weinig creatieve keuken.,FOOD,negative
"Wij hebben daar een dik halfuur geprobeerd de aandacht te trekken van de kelners, die voorbij slenterden zonder enioge bestelling op te nemen.",SERVICE,negative
"Zulk een een onbeschofte, en ongeintersseerde bediening heb ik nog nergers meegemaakt.",SERVICE,negative
Ons zien ze daar NOOIT meer.,RESTAURANT,negative
Bediening was vlot en gebeurde snel.,SERVICE,positive
"Prima organisatie, veel variatie, voor ieder wat wils.",FOOD,neutral
"Vriendelijke bediening, gezellig interieur en dat allemaal op een mooie groene locatie.",SERVICE,positive
Wij komen graag nog eens terug!,RESTAURANT,positive
"Heel gezellig restaurant in een fantastische omgeving in de bossen, ideaal als fietsstopplaats waar het lekker eten is, maar ook de moeite om gewoon wat gaan te drinken op het gezellige terras naast de gempemolen",AMBIENCE,positive
"Heel lekker, vriendelijke ontvangst, super goede bediening, hulpzaam en perfecte uitleg over de gerechten!",SERVICE,positive
"Mooie keuzes, zeer evenwichtig, zeer goed opgeleid en vriendelijk personeel.",SERVICE,positive
"lekkere maaltijden en uitstekende wijnen, wel prijzig.",DRINKS,positive
"lekkere maaltijden en uitstekende wijnen, wel prijzig.",FOOD,negative
Telkens weer GENIETEN!!,RESTAURANT,positive
Fantastisch lekker eten!,FOOD,positive
Tot nu toe geen enkel ander restaurant gevonden dat hieraan kan tippen!,RESTAURANT,positive
"in het kader van een flairbon hebben wij gereserveerd bij ""de mein"" het soepje van asperge was lekker doch geen brood, boter bij geserveerd.",FOOD,negative
de rundsbrochette was doorregen en taai (alle 5 blokjes op de spies) en at als een kauwgom.,FOOD,negative
"de vis (zalm) at lekker, doch tafel naast ons vroeg een beetje botersaus bij en de ober antwoordde: ""saus is op.",SERVICE,negative
"de vis (zalm) at lekker, doch tafel naast ons vroeg een beetje botersaus bij en de ober antwoordde: ""saus is op.",FOOD,negative
Bij de derde gang was er geen crème brullée in het aanbod terwijl dit wel in de bon opgegeven was.,FOOD,negative
mijn vrouw de helenacht overgegeven en diaree.,FOOD,negative
Dus eindconclusie: nog teveel betaald en om 18u stipt binnengekomen en om 21.15u buiten gegaan.,SERVICE,negative
De ober was ook niet overdreven vriendelijk en vrij stuurs...,SERVICE,negative
"na niet genoterde reservatie (volgens vivabox) hebben ze ons nooit willen dienen, en dit na anderhalf uur wachten.",SERVICE,negative
steppegras met soepvlees gekregen die eventjes tss gril gestoken heeft.,FOOD,negative
Komt zelfs niet in aanmerking voor frituur.,FOOD,negative
Stop gewoon hiermee.,RESTAURANT,negative
Het eten was prima maar ik zou toch een plezieriger ambiance verkiezen op een mooie voorjaarsdag..............,AMBIENCE,positive
"Kwaliteit zeker in orde, tot tevredenheid van de deelnemers.",FOOD,positive
Echt een aanrader om eens lekker te gaan eten.,RESTAURANT,positive
"Bevestigingsmail van Social Deal getoond, kom, geef maar, en zet u!",SERVICE,negative
"viel redelijk mee, maar aan serranoham met stokbrood kan niet veel tegenvallen.",FOOD,neutral
Nog een 1/2 uur wachten op alweer een miniscule portie.,FOOD,negative
"Dienster deed haar best, maar de bazin (?) mag best een cursus onthaal volgen, bah bah.",SERVICE,negative
"Kan 'zogezegd' niet goed Nederlands, Wat een lachertje, was zich aan het beklagen tegen bekenden over Social Deal en de toeloop van gasten die deze formule met zich meebracht, in perfekt Nederlands...",SERVICE,negative
"Denk niet dat veel mensen voor een 2de maal gaan, wat uiteindelijk toch de bedoeling is.",RESTAURANT,negative
"Met hele gezin gaan eten om 19.00 uur, om 19.30 kregen wij de drankkaart, om 19.40 moesten wij de bestelling voor het eten pas doorgeven.",SERVICE,negative
Niets van de door ons bestelde tapas kwam tegelijk op tafel en er ontbraken ook een aantal tapas die wij wel hadden doorgegeven.,SERVICE,negative
"Bediening zeer slecht, terwijl er niet veel klandizie was.",SERVICE,negative
Wij zouden 2 uur onbeperkt tapas kunnen eten maar om 20.55 zei de serveerster dat de keuken om 21.00 uur gesloten was.,SERVICE,negative
"Eten was zeer slecht, we hadden nog beter naar een frituur kunnen gaan!!",FOOD,negative
"Het eten wat lekker maar de bejegening afschuwelijk, geen uitleg en met pijn en moeite 2x kunnen bestellen (waarbij de mevrouw van de bediening ook nog ongeduldig op haar horloge keek) als je zwaaide/riep op of een of andere manier de aandacht van haar wilde trekken leek ze dit gewoon te negeren.",SERVICE,negative
"Het eten wat lekker maar de bejegening afschuwelijk, geen uitleg en met pijn en moeite 2x kunnen bestellen (waarbij de mevrouw van de bediening ook nog ongeduldig op haar horloge keek) als je zwaaide/riep op of een of andere manier de aandacht van haar wilde trekken leek ze dit gewoon te negeren.",FOOD,negative
Jammer want het eten was goed te doen!,FOOD,neutral
"Eerst maanden getracht om met de voucher van social deal te reserveren, via website social deal niet mogelijk, daarna telefonisch geprobeerd, werd zeer onbeleefd afgeblaft dat ik maar met computer moest reserveren, weer geprobeerd, geen mogelijkheid, na schriftelijk beklag bij social deal dan toch eindelijk aan een reservering geraakt.... wat zagen we daar... zeer vuil, slechte smaken, verschrikkelijke bediening, gerechten die op kaart stonden werden plots met andere groenten geserveerd, en toch... personeel ""zit of staat"" er genoeg, maar ze komen niet van hun plaats....",SERVICE,negative
NOOI MEER....!!!!,RESTAURANT,negative
Echt een aanrader.,RESTAURANT,positive
Wij namen het luxe ontbijt en het was inderdaad luxe.,FOOD,positive
"Heel lekkere broodjes en koffiekoeken, voldoende brood, zeer lekkere hesp en kaas en lekkere koffie, de thee en chocolademelk zijn zeker aan te raden.",FOOD,positive
Wij komen zeker terug naar deze zaak in Damme.,RESTAURANT,positive
"Wij kozen voor een luxe ontbijt voor €10,-pp en wat een feestje was dat.",FOOD,positive
"En verder een keuze uit een ""koffiebroodje""..oftewel een echt koffiebroodje maar ook croissants (met of zonder chocolade) of ander heerlijke broodjes.",FOOD,positive
"Een vers gekookt eitje, standaard perfect zacht gekookt, op verzoek iets harder.",FOOD,neutral
"Super vriendelijke vrouw achter de balie waar we hele gesprekken mee hebben gevoerd, open en eerlijk!",SERVICE,positive
Mooie zaak en lekker eten,FOOD,positive
Men is er snel bedient,SERVICE,positive
De scampies doable zijn er super,FOOD,positive
De kaas en de garnaal croketten zijn zelfs beter dan in de meeste restaurants,FOOD,positive
Dit restaurant is absoluut geen aanrader voor een gezellig avondje uit eten.,RESTAURANT,negative
"De bediening was matig, de eigenaar zat na het bereiden van het hoofdgerecht de hele tijd achter z'n pc.",SERVICE,negative
"Na toch een nagerecht gekozen te hebben, wat tegenviel, moesten we uiteindelijk de rekening cash betalen.",SERVICE,negative
Eens maar nooit meer!,RESTAURANT,negative
"Niet alleen is de eigenaar arrogant, maar hij scheld zijn klanten ook nog uit!",SERVICE,negative
Het eten is matig en zeker zijn prijs niet waard.,FOOD,negative
"De garnalen waren lekker, de tong was goed gebakken maar voor die prijs mocht de presentatie toch een heel stuk beter zijn.",FOOD,positive
"Nu leek alles erop gezwierd en misschien was het dat ook, de kok (patron) zagen we regelmatig achter zijn computer aan een tafeltje in het restaurant zitten tot grote ergernissen van onze partners die er constant op zaten te kijken.",SERVICE,negative
De onvriendelijkheid van de dienster zowel bij het binnenkomen als gedurende onze hele maaltijd was ronduit ergerlijk en ook het klikklakken van haar schoenen trok enorm de aandacht van de aanwezige klanten zodat er niet meer ontspannen kon worden genoten van het eten.,SERVICE,negative
Hier durven we geen vrienden meer mee naar toe te nemen.,RESTAURANT,negative
gisteren heerlijk genoten van ALLES in de Zuidkant.,RESTAURANT,positive
"de gerechtjes zijn TOP, de locatie is SCHITTEREND, de aangepaste wijnen SUPER, het interieur ZEER WARM en gezellig en de gastvrouw, ongelooflijk CHARMANT, het was genieten in de grootste betekenis van het woord!",AMBIENCE,positive
"de gerechtjes zijn TOP, de locatie is SCHITTEREND, de aangepaste wijnen SUPER, het interieur ZEER WARM en gezellig en de gastvrouw, ongelooflijk CHARMANT, het was genieten in de grootste betekenis van het woord!",SERVICE,positive
"Vier gangen, voldoende grote porties en een streling voor de smaakpapillen.",FOOD,positive
De geselecteerde wijn was SU-PER!,DRINKS,positive
De vriendelijke en vlotte bediening en tevens de uitleg bij de gerechten maakten deze avond onvergetelijk!,SERVICE,positive
"zeer lekker eten, perfecte bediening en een ongedwongen sfeer, de gastvrouw geeft je een warm welkom: we komen zeker terug!!",SERVICE,positive
Zeer lekker gegeten.,FOOD,positive
"Sfeer, wijn, gerechten top!",DRINKS,positive
Alles was fijn en verzorgd.,FOOD,positive
Gezellig en mooi interieur.,AMBIENCE,positive
De eigenaresse zorgt voor een fijne ontvangst en is heel attent.,SERVICE,positive
"Een plus voor de ligging, want je bent even buiten de drukte van de kust in het gezellige centrum van De Haan.",LOCATION,positive
We werden zeer attent en vlot ontvangen door de eigenares die meteen tips kon geven rond de beste plaatsjes op het terras.,SERVICE,positive
"Mijn voorgerecht op basi van tomaat, mozarella en basilicum was verrassend, fris en eigentijds.",FOOD,positive
Een echte smaakbom!,FOOD,positive
"De carpaccio aan de overkant vers en flinterdun, maar naar de smaak van mijn echtgenoot van iets te veel olijfolie voorzien.",FOOD,positive
Het brood dat erbij kwam was top!,FOOD,positive
De hoofdgerechten waren opnieuw heel fijn en smaakvol.,FOOD,positive
De kabeljauw met pasta en zwarte truffel overheerlijk!,FOOD,positive
Het dessert was een soortje soepje op basis van fruit en groenten en minder ons ding.,FOOD,neutral
We waren aangenaam verrast door de mooie inrichting en losse vriendelijke ontvangst.,SERVICE,positive
Je merkt hier duidelijk dat hier superhoog opgeleide maar toch eenvoudige sympatieke mensen aan het werk zijn.,SERVICE,positive
We komen hier nog zeker terug want we zijn nieuwsgierig naar andere gerechten die ze op tafel toveren.,RESTAURANT,positive
"De chef tovert de smaken op je bord, terwijl Tine je met de glimlach bedient.",SERVICE,positive
"Een super ervaring, De keuze tussen 2 menu's is zo moeilijk omdat alles heerlijk lekker is.",FOOD,positive
Iedere keer top van a tot z.,RESTAURANT,positive
De bediening verloopt er zeer vlot en aangenaam.,SERVICE,positive
Alle gerechten zijn zeer lekker op zeer hoge niveau.,FOOD,positive
Heel mooie creaties van de chef die met verse produkten werkt.,FOOD,positive
Gewoon het lekkerste restaurant.,RESTAURANT,positive
Is minstens één ster waard.,RESTAURANT,positive
"Heerlijk eten, mooie omgeving, prima bediening toch één minpunt.",FOOD,positive
dranken worden geserveerd in nog half tot bijna vuile glazen (lippenstift en dergelijk meer van vorige gasten) eten is om nog maar over te zwijgen.,DRINKS,negative
dranken worden geserveerd in nog half tot bijna vuile glazen (lippenstift en dergelijk meer van vorige gasten) eten is om nog maar over te zwijgen.,FOOD,negative
smaakt allemaal alsof het gewoon kant en klaar maaltijden zijn opgewarmd in een microgolf.,FOOD,negative
"sauzen, denk dat de potten ervan nog steeds half open staan en over datum zijn.",FOOD,negative
zal nog maar zwijgen over de hele zaak in het algemeen.,RESTAURANT,negative
"Na 3x saus vragen en steeds erbarmelijke saus voorgeschoteld te krijgen ging ik bij de uitbater verhaal halen (nog maar gezwegen van fritte, kip).",FOOD,negative
"Hij werd steeds onvriendelijker, toen ik hem antwoorde dat klant toch nog steeds koning was, werd hij alleen maar kwader.",SERVICE,negative
Ik vertelde hem dat ik met zo n service niet geneigd was van te betalen.,SERVICE,negative
"Op dat moment werd hij bijgetrede dr alle personeels leden en de patron, die laatste had zelfs de baseball knuppel mee uitgebracht.",SERVICE,negative
Dus bij deze hoop ik dat de mensen hier wegblijven en bespaart blijven van hun slecht eten en rotslechte agressieve services..,SERVICE,negative
Astoria palace mogen uwe zaak kapot gaan!!!!,RESTAURANT,negative
"Kip was droog, vis was niet lekker (zat echt een vies luchtje aan) witte wijn smaakte naar zeepsop, frieten waren slap en zeer vet, aardappels niet gaar, glazen niet schoon.",FOOD,negative
"Nadat wij over genoemde bevindingen geklaagd hadden, wuifde men verontwaardigd alles weg en moesten gewoon de volle mep betalen.",SERVICE,negative
"Bedienend personeel met vieze kleren, binnen zag het niet echt ""proper"" uit.",SERVICE,negative
"Kortom, met een groooote boog om dit etablissement heen!!",RESTAURANT,negative
"Gereserveerd en 10 min buiten gewacht samen met nog een koppel die daar moest zijn, 3 uur gewacht op een derde voorgerecht, toen we de opmerking maakten werden we gevraagd of we wilden afrekenen door de uitbaatster, moeilijk een lach op de uitbaatster gezicht te krijgen toen we besloten om af te rekenen kwam de kok doodgewoonweg zeggen dat we geen respect tonen voor de keuken, wij zijn mensen die regelmatig gaan eten maar dit heb ik toch nog niet meegemaakt, spijtig maar zo wil een klant niet behandeld worden als hij een peperdure rekening betaald, het eten was lekker maar te lang moeten wachten sorry",SERVICE,positive
"Gisteren gaan eten bij Boury, sorry maar begrijp niet dat dit een ster verdiend, de bediening van de zaakvoerster laat alles te wensen over, een lach kan er niet af en de gerechten die warm dienden te hebben waren koud, een peperdure rekening en niet goed gegeten een snak en een snauw bij het afrekenen sorry hoor maar als je deze prijs betaald, denk toch dat sommige mensen dienen hun mening te herzien dit is geen restaurant maar voor mij een bistro, personeel was wel vriendelijk en excuseren zich aan tafel voor het gedrag van hun oversten, dit kan ik echt niet aanraden",SERVICE,negative
het voorgerecht en hoofdgerecht waren echt plaatjes.,FOOD,positive
het dessert en mignardises bij de koffie zorgden voor de perfecte afsluiter.,FOOD,positive
Kortom: dit restaurant moet je bezoeken!,RESTAURANT,positive
"Het is een leuke, originele brasserie waar je steeds welkom bent en lekkere verse producten krijgt;",FOOD,positive
Als je eens goed wilt eten als je in Veurne bent dan moet je zeker binnen springen bij Lowie.,FOOD,positive
"Interieur is gezellig, de bediening heel vlot en vooral het eten is er lekker.",SERVICE,positive
"Interieur is gezellig, de bediening heel vlot en vooral het eten is er lekker.",FOOD,positive
Eerlijke keuken en als je graag steak tartaar eet dan moet het daar zeker proeven met de zelf gesneden en gebakken frietjes,FOOD,positive
"Kroketten van zwezerik, en andere prima huisspecialiteiten, en suggestie, enz.",FOOD,positive
"Super lekker gegeten, goede bediening, sublieme wijn.",DRINKS,positive
"Super lekker gegeten, goede bediening, sublieme wijn.",FOOD,positive
Het dessert was de top of the bill met de boswandeling.,FOOD,positive
Waarom nog geen 2 sterren?,RESTAURANT,positive
"-Verzorgde en toch familiale bediening, oogstrelende variaties in bordjes en steeds die kleine smaakbommetjes die zorgen voor culinair genot",FOOD,positive
Perfect evenwicht tussen gezellige sfeer en unieke maaltijd.,AMBIENCE,positive
Perfect evenwicht tussen gezellige sfeer en unieke maaltijd.,FOOD,positive
Elk gerechtje was een streling voor de tong én het oog.,FOOD,positive
De bijpassende wijnen maakten de unieke ervaring compleet.,DRINKS,positive
Je voelt dat de chef en zijn maître dit met héél veel passie doen.,SERVICE,positive
Ik kom zeker graag terug!,RESTAURANT,positive
Zeer hoog culinair niveau en super vriendelijke en bekwame bediening!,SERVICE,positive
Zeer hoog culinair niveau en super vriendelijke en bekwame bediening!,FOOD,positive
"Heerlijke combinaties, pure smaken, uitstekende wijnkeuzes, kortom genieten!",DRINKS,positive
"We kozen voor het menu 'Parels van India', een aanrader voor wie wil kennismaken met verschillende gerechten uit India.",FOOD,positive
"We konden proeven van lam, kip en scampi's op verschillende manieren bereid.",FOOD,positive
Zeer vriendelijke bediening en lekkere wijnen (wij kozen voor de aangepaste wijnen).,DRINKS,positive
Zeker een aanrader en voor herhaling vatbaar.,RESTAURANT,positive
Zeker een aanrader,RESTAURANT,positive
Het personeel is er zeer vriendelijk en voor de mensen die grote honger hebben geen enkel probleem!,SERVICE,positive
Je word rap besteld.,SERVICE,positive
"Reeds 5 keer geweest en steeds weer verrast Biryani met heerlijke gerechten: gevarieerd, kruidig en toch niet te pikant en alles tegen een eerlijke prijs.",FOOD,positive
De bediening is vlot en steeds met een woordje uitleg.,SERVICE,positive
"en wanneer Vicky, de gastvrouw ook maar eventjes tijd heeft komt ze met de charme van de Indische gastvrijheid zelf peilen of alles ok is en of je genoten hebt!",SERVICE,positive
Verfijnd eten.,FOOD,positive
De menu Indira was lekker.,FOOD,positive
"Geen grote hoeveelheden, maar wel verfijnd dus met meerdere extra's.",FOOD,negative
"perfect om tijdens een fietstocht hier te stoppen gelegen aan het water, mooi uitzicht en rustig lekker eten, niets speciaal maar was niet nodig",FOOD,neutral
Formidabel!,RESTAURANT,positive
"Van het boottochtje, aangeboden aan het huwelijkskoppel, via de gezellige en uitermate spontane en vriendelijke bediening naar de superlekkere maaltijden en de blije gezichten van familie en vrienden tot de fantastische huwelijkstaart!",SERVICE,positive
En dit bij een stralend zonnetje: Een dag om nooit meer te vergeten... en een aanrader voor allen!,RESTAURANT,positive
De bediening is best wel oke afhankelijk van wie/wanneer/... de ene is al wat vriendelijker dan de andere.,SERVICE,neutral
Het uitzicht is echt wel aangenaam als je buiten zit en binnen is het gezellig.,AMBIENCE,positive
"Niet alleen is het eten overheerlijk, maar ook hun personeel verdient een dikke pluim!",SERVICE,positive
"Niet alleen is het eten overheerlijk, maar ook hun personeel verdient een dikke pluim!",FOOD,positive
Doe zo verder Keyserhof!!,RESTAURANT,positive
"slechte en onvriendelijke bediening, eten was ronduit slecht.",SERVICE,negative
"slechte en onvriendelijke bediening, eten was ronduit slecht.",FOOD,negative
"2 uur wachten op je eten met een water sangria, dan half warm eten bekomen.",SERVICE,negative
"2 uur wachten op je eten met een water sangria, dan half warm eten bekomen.",FOOD,negative
Slechtste restaurant( café) waar we ooit geweest zijn.,RESTAURANT,negative
Wegblijven daar,RESTAURANT,negative
"veel gehoord hiervan maar wat een tegenvaller, de zogezegd alles self made viel behoorlijk tegen, eerder een betere hapjestent en de bediening was ronduit vreselijk, lang wachten, foute zaken op tafel, kunnen de druk en bediening duidelijk niet aan en laten dit heel duidelijk merken aan de klanten ook, grote tegenvaller",SERVICE,negative
De nieuwe uitbaters komen direct uit Spanje dus wij waren vol verwachting voor extra lekkere tapas maar helaas de gamba's in look waren lauw geserveerd en niet lekker pittig zoals t hoort en de de rest van het eten ook lauw.,FOOD,negative
Wat jammer maar ik zei er wat van en bestelde 2 nieuwe porties maar dan heet en dat was wel lekker.,FOOD,positive
"soms heb je wel de indruk dat de huidige uitbaters, in tegenstelling tot de vorige uitbaters, er niet met volle ""goesting"" werken.",SERVICE,neutral
"Vriendelijk is iedereen wel, maar een lach is moeilijk.",SERVICE,positive
Heerlijk gegeten in de romantische tuin bij het water met de vissen.,FOOD,positive
Gamba's op Indische wijze is super lekker..,FOOD,positive
De bediening is altijd vriendelijk en snel.,SERVICE,positive
Het eten duurt een beetje lang maar wel de moeite van het wachten waard want t is heerlijk en lekker vers.,FOOD,positive
Tot gauw weer!,RESTAURANT,positive
"Mooi en gezellig terras, lekker eten, slaatjes, pasta's, vlees, vis, voor elk wat wils.",FOOD,positive
"Ook binnen is het wel gezellig, maar buiten in de zomer is het echt super.",AMBIENCE,positive
Zondagavond... en blijkbaar vind het personeel het normaal dat er dan nauwelijks nog iets voorradig is.,SERVICE,negative
De tortilla's die normaliter als hapje vooraf geserveerd worden -op.,FOOD,negative
"Geen excuses, gewoon -'ze zijn op'.",SERVICE,negative
"Bier, verschillende gerechten -op.",DRINKS,negative
"Bier, verschillende gerechten -op.",FOOD,negative
"Bij chi chi's verwacht ik geen culinaire hoogstandjes, maar de bediening mag op z'n minst correct en beleefd zijn.",SERVICE,negative
Het steppegras en de saus was lekker.,FOOD,positive
Maar de steak was volledig doorbakken en net een schoenzool.,FOOD,negative
Mijn vriendin haar kippenfilet was wel goed gebakken en lekker sappig.,FOOD,positive
"Een fijne ontvangst, een mooie locatie, Het eten was zeer goed verzorgd en een fatsoenlijke portie!",SERVICE,positive
"Een fijne ontvangst, een mooie locatie, Het eten was zeer goed verzorgd en een fatsoenlijke portie!",FOOD,positive
Een aanrader voor een gezellige avond!,RESTAURANT,positive
"Kan je als het mooi weer heel lekker eten buiten op een groot, rustig en prachtig terras.",AMBIENCE,positive
Goede bediening en de eigenaars zijn super vriendelijk.,SERVICE,positive
Je kan er heel lekkere steppengras fritten met biefstuk of kip eten.,FOOD,positive
"Heerlijk gegeten en supervriendelijke bediening, een aanrader.",SERVICE,positive
"Heerlijk gegeten en supervriendelijke bediening, een aanrader.",FOOD,positive
Als we in de buurt zijn komen we zeker terug.,RESTAURANT,positive
Prijs/kwaliteit zijn top.,RESTAURANT,positive
Het eten was uitstekend en bediening super lief.,SERVICE,positive
Het eten was uitstekend en bediening super lief.,FOOD,positive
Wij komen zeker nog terug.,RESTAURANT,positive
Laat u verrassen!,RESTAURANT,positive
"Wat geschrokken door het feit dat er maar 1 menu voorgesteld werd, maar o zo heerlijk gegeten en gedronken.",FOOD,positive
"2 Mensen die bijzonder goed hun vak kennen, zeer gastvrij zijn en als de dienst het toelaat graag een babbeltje met hun gasten maken.",SERVICE,positive
Wij zijn blij dit leuke adresje te hebben ontdekt en gaan zeker terug!,RESTAURANT,positive
Varkenshaas bijna rauw en het vlees in het stoofpotje moest je zoeken.,FOOD,negative
Waardeloos,RESTAURANT,negative
"Personeel onvriendelijk, zelf 2 keer gevraagd om kaart.",SERVICE,negative
Bestelling kwam na anderhalf uur!,SERVICE,negative
"1x fetuccine met curry, echt slecht hebben we dan ook laten staan, 2x gegrilde scampi in kruidenboter, deze werd geserveerd in een laf smakeloos lookroomsausje niet in kruidenboter, kant-en-klaar liflafje.",FOOD,negative
"Daarnaast een biefstuk met peperroomsaus, saus was redelijk biefstuk wederom flauw.",FOOD,neutral
"Wijn uit tap, ook smerig, geen andere wijn te bestellen!",DRINKS,negative
"De serveester, ik denk dochter, drie keer om de gratis toegangscode van het wifi-netwerk gevraagd, die kon ze niet onthouden (!) dus kreeg ik deze niet?",SERVICE,negative
"Vervolgens bij het afrekenen (Euro 100,--) werd niet gevraagd door de serveerster, of het ons had gesmaakt, dat was duidelijk want de borden waren niet leeg.",SERVICE,negative
"Vervolgens kwam de eigenaar die vroeg of het had gesmaakt, ik heb duidelijk aangegeven dat het niet goed was.",SERVICE,negative
"Meneer liep weg om me vervolgens niet meer aan te kijken, en verder niets met mijn antwoord te doen.",SERVICE,negative
"Mijn advies, ga ergens anders eten.",RESTAURANT,negative
Waardeloos..,RESTAURANT,negative
Fijne persoonlijke welkom -heerlijk en verrassend huisapero op basis van vlierbloesem+mandarine napoleon -fijne verzorgde amuses -professionele en warmhartige bediening -zowel personeel als mevrouw een pluim -intense beleving van het uitgebreide menu met superlekkere smaakcombinaties en voldoende voor een bourgondiër -de keuken met Peter Goosens een echte aanrader -warme sfeer -gevraagde attentie gekregen,FOOD,positive
-Proficiat om elke dag steeds opnieuw zo'n kwaliteit te garanderen -we komen zeker terug genieten!,RESTAURANT,positive
Van de champagne tot de koffie alles top.,DRINKS,positive
Zeer vriendelijke bediening.,SERVICE,positive
Zeer goede wijnen.,DRINKS,positive
In de eerste plaats de creatieve gerechten en steeds terugkerend de top service.,SERVICE,positive
Een vaste waarde op topniveau,RESTAURANT,positive
